fact_id,date_id,state_id,aqi,rainfall_mm,temperature_c,water_quality_index,sanitation_coverage_pct,healthcare_accessibility_score,mosquito_breeding_index,zoonotic_disease_incidence,geographic_risk_score,environmental_risk_score,case_rate_per_100k,hotspot_flag
1,1,1,147.3,10.4,18.4,70.5,56.9,88.5,45.7,15.0,45.0,40.8,21.3,NO
2,1,2,106.4,57.2,16.9,94.2,96.1,52.8,21.1,15.7,21.3,22.9,80.9,NO
3,1,3,142.2,7.2,16.4,54.5,93.1,94.5,18.9,29.8,33.2,41.4,122.5,No
4,1,4,129.2,26.8,10.7,78.4,,89.5,48.9,21.2,31.9,33.7,164.0,yes
5,1,5,120.8,44.3,20.4,60.8,70.5,84.9,39.7,11.8,39.4,35.3,117.0,False
6,1,6,201.8,39.0,11.0,80.2,58.1,87.0,20.4,21.8,42.9,57.5,110.5,False
7,1,7,204.5,43.1,16.7,60.0,68.9,85.5,26.0,28.6,44.9,57.2,108.4,no
8,1,8,115.3,33.5,11.6,79.4,83.3,53.4,26.2,9.7,33.2,32.7,110.0,FALSE
9,1,9,213.1,50.9,18.1,,,87.4,44.3,13.1,38.0,57.9,33.8,False
10,1,10,92.3,5.7,11.2,63.1,76.2,93.8,29.9,4.5,37.2,34.0,241.1,YES
11,1,11,188.7,7.9,15.6,66.7,92.9,41.4,61.1,13.4,34.9,56.2,90.6,NO
12,1,12,98.1,59.7,19.0,60.8,85.5,45.6,34.7,8.0,40.0,27.7,19.1,FALSE
13,1,13,178.8,45.6,11.5,62.5,71.7,79.6,33.4,1.9,44.0,55.0,53.2,NO
14,1,14,94.1,37.6,20.9,40.8,83.6,81.0,14.2,23.3,38.0,32.8,20.3,No
15,1,15,142.8,36.2,9.0,86.6,57.9,79.5,39.7,16.4,35.7,39.1,178.3,Y
16,1,16,101.1,4.5,12.2,41.0,87.5,44.5,48.6,19.0,43.4,32.9,30.5,FALSE
17,1,17,234.4,50.7,15.5,,58.1,47.8,31.9,13.9,45.6,72.5,200.9,TRUE
18,1,18,208.7,18.5,16.8,69.8,85.0,80.1,58.1,5.1,30.7,62.8,195.0,Y
19,1,19,182.2,2.8,10.3,48.5,70.6,71.8,9.6,14.3,44.2,56.4,136.3,N
20,1,20,100.0,31.2,15.9,64.2,86.9,45.9,48.2,13.7,37.0,34.6,128.8,False
21,1,21,231.2,52.9,13.1,71.9,,52.3,13.1,14.5,37.1,64.3,154.7,1
22,1,22,116.7,30.1,16.3,46.9,97.2,67.4,10.2,12.8,39.5,40.9,126.7,False
23,1,23,193.1,39.8,14.7,56.7,56.3,89.2,9.9,26.7,44.9,52.3,186.8,Yes
24,1,24,127.8,40.3,14.4,85.0,82.0,59.6,46.8,12.9,29.5,38.3,232.5,yes
25,1,25,137.1,11.5,11.6,57.5,74.6,42.3,14.5,21.6,41.8,46.4,29.1,no
26,1,26,95.6,25.6,9.3,48.7,59.2,63.0,39.2,9.3,48.5,37.7,162.1,Y
27,1,27,117.4,20.2,15.8,71.9,87.5,70.4,37.8,18.5,31.1,31.1,105.7,no
28,1,28,131.5,41.1,9.5,73.0,93.8,60.3,22.6,6.9,33.8,42.3,191.7,Y
29,1,29,148.3,16.0,15.6,74.1,55.8,57.8,27.5,12.9,37.0,46.4,236.1,TRUE
30,1,30,227.9,50.3,9.8,84.3,70.3,48.7,44.5,14.7,31.1,57.0,34.5,no
31,1,31,209.9,30.8,18.5,59.5,74.5,41.9,39.3,20.9,44.1,65.1,68.2,False
32,1,32,175.1,37.4,11.1,50.2,63.4,70.9,62.0,11.4,49.4,48.8,179.9,YES
33,2,1,160.0,1.0,21.0,42.6,68.5,41.7,60.7,18.1,42.9,53.5,245.2,Y
34,2,2,171.3,15.6,16.2,73.9,75.9,88.8,39.5,21.3,37.1,47.4,96.7,No
35,2,3,202.9,8.9,15.9,61.1,72.7,86.4,17.9,4.4,40.7,56.5,231.2,True
36,2,4,170.8,24.6,17.1,70.2,64.6,55.7,58.6,7.6,38.0,53.1,156.0,TRUE
37,2,5,200.2,16.6,10.8,65.1,72.8,83.4,19.5,25.9,38.2,59.4,235.7,Yes
38,2,6,112.7,51.0,19.2,77.1,61.5,80.6,28.2,25.0,37.8,29.3,193.3,1
39,2,7,215.6,25.8,19.3,74.8,83.8,60.2,19.0,15.9,35.0,63.6,145.5,no
40,2,8,160.0,1.5,20.6,89.4,72.8,80.0,48.2,11.1,31.8,39.8,169.8,True
41,2,9,113.2,44.6,14.5,85.0,88.8,77.5,9.3,15.1,29.0,27.6,82.7,no
42,2,10,251.5,54.1,12.3,67.4,56.8,94.2,61.1,23.0,41.2,65.0,203.2,YES
43,2,11,162.0,56.8,10.0,44.3,94.9,90.9,54.8,14.9,43.2,48.0,114.9,FALSE
44,2,12,138.1,50.0,18.7,64.7,80.7,89.0,11.6,21.6,41.0,38.1,209.5,1
45,2,13,106.7,23.2,14.4,74.9,74.4,54.6,29.0,19.6,31.3,31.7,178.8,TRUE
46,2,14,86.5,31.4,9.7,49.2,,90.7,25.9,26.6,51.1,30.8,230.1,Yes
47,2,15,223.5,31.1,19.9,69.3,60.7,94.7,21.6,22.9,36.2,58.1,115.9,No
48,2,16,200.3,29.0,17.1,68.8,71.5,86.6,9.1,17.8,40.7,54.1,16.0,FALSE
49,2,17,130.6,39.3,20.3,54.1,56.1,61.0,54.4,16.2,42.3,45.0,205.6,Y
50,2,18,136.7,54.6,14.0,68.4,97.2,65.2,53.5,28.6,28.7,36.9,193.2,Y
51,2,19,159.5,27.2,16.3,87.6,67.8,89.6,44.6,14.0,33.1,44.2,173.3,Y
52,2,20,,11.7,13.8,79.4,92.7,56.2,12.1,21.4,31.5,36.2,28.2,N
53,2,21,,28.9,21.5,90.7,,93.9,18.9,2.8,34.9,38.6,183.8,TRUE
54,2,22,207.2,55.9,8.1,56.0,65.6,40.1,62.3,9.1,42.2,58.8,229.0,Y
55,2,23,250.1,18.2,22.0,55.1,91.2,88.4,28.8,9.0,33.4,71.2,177.2,yes
56,2,24,242.1,24.1,14.2,49.3,76.4,47.1,15.0,18.8,42.5,73.0,7.8,No
57,2,25,111.8,15.2,16.9,94.1,76.4,45.6,18.6,14.1,27.9,31.1,66.3,no
58,2,26,194.2,26.2,14.6,95.0,88.8,62.8,26.5,19.1,23.3,47.0,123.5,NO
59,2,27,173.7,18.2,12.3,83.6,96.2,43.1,12.1,7.8,28.0,45.7,151.0,TRUE
60,2,28,113.7,5.5,18.5,77.9,67.6,87.5,22.2,19.6,36.4,31.4,223.4,Y
61,2,29,179.4,37.3,9.7,47.0,74.8,71.3,28.2,19.4,43.9,54.6,67.0,FALSE
62,2,30,97.5,13.8,17.5,,55.1,71.0,38.1,15.7,45.1,33.4,185.3,True
63,2,31,106.9,21.0,15.6,45.1,56.2,40.6,34.6,16.4,47.1,34.0,41.2,N
64,2,32,98.8,6.6,19.3,75.3,70.4,59.7,55.7,15.9,32.9,33.6,176.7,Yes
65,3,1,79.0,49.1,31.4,92.5,87.7,55.8,50.4,3.9,29.3,19.5,159.0,YES
66,3,2,78.9,37.9,27.9,45.2,63.4,86.6,14.5,15.8,51.4,28.7,210.8,Yes
67,3,3,83.5,22.1,39.5,75.8,78.4,43.7,60.6,15.0,33.8,28.4,116.2,False
68,3,4,60.1,45.2,40.8,90.0,86.1,63.2,24.1,14.2,30.1,12.1,152.0,1
69,3,5,63.1,38.8,24.2,42.6,88.9,66.0,45.9,9.8,43.5,32.0,45.7,NO
70,3,6,103.4,28.1,29.2,69.1,61.3,91.6,17.9,12.2,37.7,29.8,208.2,1
71,3,7,144.5,3.3,29.8,68.4,89.3,46.6,29.3,27.5,35.2,38.2,143.0,No
72,3,8,131.0,43.3,34.7,60.8,92.9,63.9,27.3,8.8,37.4,40.2,174.6,True
73,3,9,133.4,41.3,36.7,,55.7,82.0,39.8,14.8,47.2,36.9,179.0,TRUE
74,3,10,83.4,58.6,33.2,66.0,74.4,52.0,30.2,18.2,41.9,22.9,164.5,TRUE
75,3,11,91.9,25.2,40.9,61.8,94.5,86.0,31.8,25.5,33.3,34.3,117.7,no
76,3,12,153.2,54.7,28.7,69.9,97.8,68.6,38.4,14.8,29.2,40.2,203.2,Y
77,3,13,159.7,5.3,32.6,54.1,88.9,72.9,17.9,14.1,40.8,52.7,223.0,1
78,3,14,132.8,15.3,29.7,88.6,65.8,52.5,56.7,11.1,35.2,31.6,78.8,No
79,3,15,129.9,52.5,24.3,53.4,96.0,67.6,48.2,15.4,30.8,39.6,180.2,Y
80,3,16,57.3,28.7,26.5,81.0,96.4,43.7,38.4,12.5,29.3,20.8,236.7,TRUE
81,3,17,72.9,7.7,33.2,71.5,95.7,66.3,62.7,26.3,30.8,21.8,62.8,No
82,3,18,121.4,43.7,30.5,46.5,76.7,60.8,26.8,7.3,43.1,43.3,69.5,False
83,3,19,76.1,8.7,31.5,74.3,,46.3,15.4,14.0,36.2,26.7,213.0,TRUE
84,3,20,76.9,54.0,30.5,71.8,92.9,50.7,61.1,2.8,26.0,27.3,209.3,1
85,3,21,119.4,31.7,36.6,50.4,86.8,82.0,56.0,14.3,36.6,38.6,237.2,Yes
86,3,22,159.1,33.0,32.7,57.5,82.0,64.6,54.2,6.7,42.2,53.1,247.2,YES
87,3,23,141.3,35.1,26.0,68.2,97.2,68.0,48.2,8.4,35.0,46.5,51.3,NO
88,3,24,80.7,24.9,37.7,80.9,74.1,81.4,53.6,4.8,37.1,22.5,52.1,NO
89,3,25,84.8,0.5,26.6,60.2,83.6,44.6,23.1,10.9,32.8,27.2,61.0,No
90,3,26,74.6,2.3,40.8,90.9,77.0,67.7,8.2,14.1,32.4,24.2,192.3,TRUE
91,3,27,104.8,36.4,30.9,71.8,65.2,85.6,27.0,9.0,41.6,36.0,39.9,No
92,3,28,65.8,41.0,29.5,41.5,80.9,52.2,48.4,26.5,44.2,30.9,113.2,N
93,3,29,62.6,23.2,37.4,47.0,68.4,86.7,38.9,11.6,46.9,22.3,111.9,N
94,3,30,110.4,29.8,25.5,72.8,72.2,79.9,51.0,7.7,36.2,33.9,193.6,TRUE
95,3,31,93.3,33.9,37.8,65.7,63.4,52.2,7.4,22.9,38.2,28.6,77.3,0
96,3,32,62.6,53.7,28.6,45.5,,55.7,15.4,22.1,42.9,23.1,36.4,FALSE
97,4,1,115.6,2.6,26.1,50.0,60.7,63.5,41.4,11.5,50.4,39.4,201.2,Y
98,4,2,,7.2,42.0,61.6,75.4,91.3,31.1,5.3,37.2,34.9,53.8,No
99,4,3,121.0,55.9,35.6,,69.7,72.5,7.9,18.8,28.0,35.0,211.7,Y
100,4,4,116.2,12.2,26.4,41.6,83.8,57.4,61.5,26.9,44.5,37.4,89.3,FALSE
101,4,5,126.8,22.6,32.6,75.2,72.0,58.7,43.7,4.1,32.2,39.7,137.5,False
102,4,6,158.4,18.9,33.8,73.9,89.6,93.9,33.5,15.3,30.7,41.2,214.1,Y
103,4,7,61.4,47.5,38.3,91.3,73.5,67.4,62.4,18.7,27.6,14.0,29.2,FALSE
104,4,8,83.8,42.8,29.9,76.8,60.2,63.1,17.6,22.1,41.3,27.4,20.0,N
105,4,9,142.4,40.7,39.6,89.2,85.4,78.8,42.4,9.3,25.4,39.7,219.3,YES
106,4,10,84.8,25.1,31.4,76.2,83.1,77.1,13.4,18.2,28.8,23.9,155.8,yes
107,4,11,119.7,10.4,29.9,83.6,78.2,90.8,33.4,6.4,33.4,33.9,143.6,NO
108,4,12,88.9,25.7,24.0,53.6,57.0,89.5,30.3,1.3,46.5,27.4,179.7,YES
109,4,13,120.5,37.0,41.3,,84.5,60.4,54.6,15.3,32.8,27.9,220.3,YES
110,4,14,72.6,31.6,36.4,79.9,84.1,63.5,32.0,3.1,31.8,21.8,37.3,NO
111,4,15,95.2,28.7,41.3,62.0,56.4,48.3,18.7,14.7,42.6,30.0,151.3,TRUE
112,4,16,72.9,3.8,41.7,83.4,66.8,74.8,62.4,7.1,39.2,23.2,78.6,N
113,4,17,149.8,45.0,26.8,47.8,67.7,73.8,32.6,11.2,47.9,44.2,77.2,No
114,4,18,95.0,10.5,41.8,71.7,66.6,60.2,21.3,20.3,42.3,27.7,201.0,1
115,4,19,131.2,57.2,27.8,45.2,82.7,80.9,11.6,11.1,45.1,44.9,163.2,yes
116,4,20,123.7,41.2,37.9,74.2,72.4,57.4,29.6,17.8,38.3,32.5,235.0,1
117,4,21,90.7,15.4,41.4,,89.6,52.3,48.5,13.2,37.5,35.0,100.4,NO
118,4,22,95.3,31.0,36.7,94.9,93.9,91.2,57.3,13.9,23.4,26.7,225.7,Yes
119,4,23,151.3,28.7,39.0,88.7,78.9,93.0,44.3,21.1,34.7,38.4,59.0,False
120,4,24,107.0,14.6,38.4,82.2,85.0,63.2,24.7,27.6,29.2,32.8,97.2,NO
121,4,25,115.1,25.1,32.3,94.6,92.2,58.1,7.2,11.1,19.8,30.3,25.7,N
122,4,26,112.4,48.8,28.2,48.5,60.1,62.9,35.3,19.2,49.4,38.4,67.4,False
123,4,27,56.3,40.3,31.6,65.4,83.3,86.6,27.0,23.1,37.2,18.7,53.8,FALSE
124,4,28,151.0,13.5,25.6,50.1,91.3,88.1,55.2,22.0,41.7,52.1,121.1,0
125,4,29,132.4,11.0,32.4,46.4,92.6,59.3,10.0,14.1,35.4,45.3,192.4,TRUE
126,4,30,89.7,29.7,26.6,75.5,78.6,46.3,59.9,16.8,31.9,28.9,218.6,yes
127,4,31,71.3,27.5,35.8,87.1,94.7,52.7,61.3,3.5,26.6,17.8,160.0,TRUE
128,4,32,110.0,3.8,27.1,59.5,,45.4,27.2,18.3,46.3,35.1,54.4,0
129,5,1,142.0,30.0,38.0,,60.5,55.4,56.9,20.0,33.0,39.3,167.2,yes
130,5,2,115.4,25.9,37.5,47.4,,73.7,56.8,33.8,38.4,34.4,24.8,N
131,5,3,142.4,39.3,32.8,68.3,69.7,45.5,36.5,19.7,35.9,40.1,85.2,NO
132,5,4,67.2,17.0,41.6,40.5,64.2,84.9,29.5,15.8,51.2,32.8,30.7,N
133,5,5,73.5,56.8,34.7,48.3,85.2,79.9,15.9,16.6,43.3,26.2,161.5,Yes
134,5,6,140.0,5.5,37.6,77.8,90.3,65.7,44.5,18.9,32.1,41.9,170.7,Yes
135,5,7,70.2,52.7,40.4,58.3,84.1,57.1,25.9,24.5,35.5,22.6,55.9,no
136,5,8,146.4,58.5,34.0,91.3,91.3,52.9,44.5,9.7,21.8,40.3,175.2,True
137,5,9,134.6,13.0,38.7,43.2,69.7,41.4,47.1,24.2,44.3,43.3,29.9,NO
138,5,10,78.0,47.1,41.4,90.2,61.3,60.7,7.7,47.6,32.4,23.2,186.9,1
139,5,11,102.9,28.1,35.7,,94.5,40.2,41.7,43.1,31.0,30.3,155.2,yes
140,5,12,121.4,50.7,26.7,93.3,87.8,73.6,29.5,30.1,21.1,27.5,79.8,NO
141,5,13,160.8,16.4,40.6,87.2,88.3,80.0,31.1,26.6,24.5,45.2,208.9,Yes
142,5,14,160.3,21.6,27.5,69.7,71.3,50.6,38.1,30.8,33.1,44.9,34.4,No
143,5,15,84.4,42.2,30.0,51.9,96.8,63.4,18.5,14.6,31.7,32.5,195.0,Yes
144,5,16,128.1,49.9,38.2,58.6,70.7,60.7,11.8,27.0,45.5,45.2,148.3,FALSE
145,5,17,156.0,14.6,36.1,67.7,70.1,71.0,37.1,4.2,39.6,48.5,180.3,YES
146,5,18,121.3,9.1,25.5,85.2,65.6,69.5,19.2,22.7,30.1,33.1,165.5,Y
147,5,19,144.1,59.7,35.7,61.3,78.1,77.6,18.0,28.2,38.4,43.2,175.4,True
148,5,20,155.9,43.5,24.1,83.2,61.0,62.9,61.3,27.6,37.5,40.2,247.0,yes
149,5,21,82.0,48.4,33.6,75.3,71.0,46.2,40.3,26.1,38.0,23.1,40.0,False
150,5,22,79.3,18.3,25.2,68.3,97.8,79.4,49.5,14.4,29.0,21.3,64.2,NO
151,5,23,135.2,51.5,37.8,77.8,95.7,60.4,15.8,28.8,27.9,33.6,127.1,0
152,5,24,59.6,27.9,25.1,91.5,90.4,92.6,45.8,17.4,26.1,14.6,159.8,True
153,5,25,156.8,55.5,25.1,73.0,90.7,51.2,45.5,20.7,26.4,47.6,162.2,1
154,5,26,147.6,28.1,37.8,,83.2,89.6,58.7,38.0,33.8,51.0,108.0,0
155,5,27,74.5,28.2,31.2,83.6,61.5,75.2,18.4,25.0,36.3,20.8,192.5,TRUE
156,5,28,78.1,7.0,37.4,69.2,80.8,73.9,47.9,22.8,30.6,25.6,160.7,YES
157,5,29,158.0,43.0,36.7,57.4,91.2,54.8,56.9,14.2,32.7,45.3,127.5,False
158,5,30,98.7,17.4,26.7,40.3,72.5,53.6,13.3,27.6,46.6,37.9,101.6,NO
159,5,31,146.1,0.5,30.8,86.2,84.5,71.1,13.8,13.2,25.4,44.0,223.1,TRUE
160,5,32,77.8,8.1,31.3,94.7,65.3,81.9,37.3,21.4,35.4,21.3,208.7,TRUE
161,6,1,57.4,256.5,27.2,45.0,92.4,41.3,103.9,17.5,38.5,28.1,157.8,Yes
162,6,2,119.1,220.1,28.1,91.2,,79.1,157.4,15.9,36.3,35.5,43.1,NO
163,6,3,95.6,397.3,27.6,55.5,93.1,49.2,32.9,10.2,33.2,37.7,171.1,YES
164,6,4,62.9,271.2,26.0,54.0,61.6,80.6,38.7,32.9,46.4,25.9,143.5,no
165,6,5,67.2,284.7,24.4,47.2,74.4,66.7,144.0,4.6,40.7,24.4,183.5,Y
166,6,6,59.7,321.0,26.8,87.0,73.9,72.6,143.9,38.0,31.9,14.7,106.4,no
167,6,7,131.4,244.9,24.8,55.5,79.6,41.0,109.3,19.8,37.4,43.3,137.7,0
168,6,8,116.8,297.9,33.2,76.6,80.1,69.1,49.8,31.9,30.1,30.0,180.6,TRUE
169,6,9,67.6,205.8,39.6,64.6,83.5,61.3,111.0,33.2,35.7,25.1,22.7,FALSE
170,6,10,79.0,306.6,24.8,69.1,88.2,90.8,115.2,15.1,36.9,25.1,180.0,1
171,6,11,93.8,174.2,28.4,74.5,73.1,69.6,71.6,7.4,31.8,26.0,119.1,False
172,6,12,70.0,310.7,34.2,56.2,85.9,49.9,29.7,23.5,38.8,22.6,110.9,N
173,6,13,74.5,273.1,26.7,93.9,73.9,43.5,135.8,17.8,31.9,15.7,240.7,Y
174,6,14,102.4,359.7,30.9,45.1,69.5,94.7,24.2,21.4,48.3,33.9,106.9,0
175,6,15,146.3,231.6,33.3,88.6,78.5,68.8,71.4,38.3,34.6,36.9,94.6,NO
176,6,16,80.5,227.9,26.4,53.3,96.9,90.7,125.5,33.2,39.2,28.3,63.6,NO
177,6,17,,161.0,36.9,46.4,79.6,81.7,80.6,28.9,41.7,46.6,148.8,N
178,6,18,79.6,246.4,31.5,50.4,78.0,54.0,155.9,30.2,42.1,31.3,38.1,False
179,6,19,77.2,216.6,32.2,93.1,79.5,79.1,67.5,34.0,24.2,20.4,39.0,0
180,6,20,134.0,186.6,29.2,92.1,95.3,74.5,120.6,37.3,28.3,30.4,6.3,FALSE
181,6,21,141.9,193.9,34.0,91.1,57.8,45.4,62.1,21.4,30.8,34.3,118.6,no
182,6,22,160.6,177.6,40.7,70.4,97.9,77.2,114.0,44.5,28.7,43.5,79.2,No
183,6,23,104.8,269.9,35.5,67.5,82.0,56.7,128.9,24.1,37.4,31.4,103.3,N
184,6,24,137.7,216.7,37.0,60.5,80.8,90.6,154.7,20.8,35.3,41.8,45.8,FALSE
185,6,25,119.8,259.8,33.1,82.2,90.3,46.7,114.2,37.2,28.0,34.9,239.7,1
186,6,26,160.8,244.2,37.7,41.3,82.3,67.8,127.7,21.5,43.7,54.6,7.0,NO
187,6,27,134.7,293.9,26.8,,67.1,88.0,141.8,20.9,46.7,46.8,242.3,True
188,6,28,139.1,287.0,37.8,61.5,80.9,87.3,42.0,41.5,40.9,40.9,45.9,FALSE
189,6,29,61.1,253.9,34.0,61.2,81.0,79.2,48.2,23.0,39.3,24.4,192.8,Y
190,6,30,69.5,218.8,39.7,50.8,58.1,50.0,97.5,10.1,50.8,27.4,99.6,N
191,6,31,93.8,214.8,40.8,76.1,92.7,93.1,127.1,13.8,33.9,31.7,122.1,no
192,6,32,109.2,317.5,37.2,50.7,68.0,86.5,150.9,19.5,45.1,33.3,188.9,1
193,7,1,112.8,353.0,28.0,74.2,64.7,49.7,85.0,15.4,42.4,37.5,184.8,Yes
194,7,2,84.7,354.0,24.9,69.1,77.3,79.4,50.2,25.4,32.5,23.6,105.3,no
195,7,3,128.0,269.4,25.7,67.1,64.3,94.9,112.6,19.6,43.4,34.8,149.9,NO
196,7,4,56.5,192.1,41.7,61.9,61.4,58.1,129.5,25.9,38.4,23.1,235.5,1
197,7,5,106.7,156.9,26.2,80.1,84.5,59.6,83.0,22.5,26.5,33.6,59.0,NO
198,7,6,69.9,210.8,24.8,90.9,87.2,65.4,111.2,15.9,27.0,20.0,11.4,No
199,7,7,97.3,316.0,28.9,89.3,81.3,69.8,50.3,11.6,26.2,29.6,120.5,No
200,7,8,149.1,292.4,35.9,52.5,70.0,76.9,134.7,11.4,47.9,43.3,42.4,No
201,7,9,97.1,228.2,25.5,76.0,81.5,49.7,105.3,36.3,32.7,31.0,157.1,True
202,7,10,82.5,293.8,34.8,91.3,91.4,62.1,146.4,26.4,25.0,25.6,149.6,no
203,7,11,122.3,329.4,41.9,55.5,92.4,58.9,86.1,4.4,33.9,40.8,216.4,TRUE
204,7,12,125.2,324.9,29.3,87.6,64.1,49.5,34.8,12.8,37.9,34.5,136.8,False
205,7,13,101.1,351.6,26.9,70.7,58.0,82.3,130.9,6.9,44.4,28.2,226.1,Yes
206,7,14,108.6,237.9,36.5,47.2,83.1,66.1,81.1,20.9,43.6,37.7,5.9,False
207,7,15,94.0,383.2,30.8,60.1,62.2,63.8,38.8,24.5,44.7,29.1,35.9,N
208,7,16,128.3,153.4,41.7,51.3,61.6,46.8,126.8,38.0,48.1,45.7,90.0,False
209,7,17,,310.4,29.6,61.7,92.1,61.6,21.9,30.2,31.9,23.0,218.9,yes
210,7,18,99.2,398.4,25.5,80.1,,74.7,30.0,26.5,31.9,33.0,225.1,YES
211,7,19,116.7,224.9,28.7,83.4,90.5,75.4,161.2,11.6,23.0,33.1,204.6,TRUE
212,7,20,147.0,205.1,36.1,62.0,96.8,50.5,89.3,25.4,33.0,47.0,146.8,N
213,7,21,119.9,359.4,26.1,83.2,76.3,77.9,107.8,0.0,30.3,29.9,48.9,N
214,7,22,79.0,176.8,35.0,59.1,86.5,94.6,99.8,23.2,34.2,25.6,60.4,no
215,7,23,102.5,198.0,27.2,41.0,69.8,41.7,50.4,12.4,42.9,36.5,181.1,YES
216,7,24,80.6,151.5,24.0,81.2,84.2,93.8,82.6,31.7,32.1,20.6,53.3,N
217,7,25,131.7,170.1,25.0,94.1,80.2,55.4,107.8,4.3,26.8,37.2,171.4,Y
218,7,26,82.7,246.9,36.9,89.1,56.0,66.2,72.9,18.6,39.3,27.1,172.7,True
219,7,27,158.5,399.9,35.4,42.0,66.6,54.7,130.1,34.7,44.9,48.0,83.2,False
220,7,28,74.3,394.6,26.4,67.3,78.6,80.9,83.7,14.0,40.1,25.6,121.6,NO
221,7,29,153.0,341.7,26.1,42.5,87.6,64.1,133.5,38.9,45.5,50.7,244.7,True
222,7,30,,265.7,25.6,62.6,86.0,58.3,88.4,19.9,30.4,46.9,93.7,no
223,7,31,152.3,179.0,37.1,71.5,90.9,61.3,39.0,30.9,31.7,43.4,19.8,No
224,7,32,106.7,208.2,34.7,75.9,61.7,64.4,21.7,22.7,34.9,31.3,160.8,True
225,8,1,111.2,371.9,37.3,41.9,79.7,58.5,73.2,15.4,44.6,43.2,147.5,NO
226,8,2,75.5,162.0,28.2,77.1,92.1,90.8,149.9,20.6,30.5,19.6,41.5,N
227,8,3,115.9,173.9,35.5,78.0,60.8,81.8,81.0,10.1,36.6,38.1,216.6,YES
228,8,4,141.0,353.5,32.8,69.6,93.8,43.4,71.8,21.3,29.3,38.5,138.0,no
229,8,5,130.0,280.6,38.7,52.5,90.9,82.0,18.6,22.6,40.8,41.1,95.6,no
230,8,6,108.0,211.0,37.3,70.6,58.6,87.3,62.7,4.4,44.0,32.8,234.3,yes
231,8,7,80.0,299.8,24.6,94.0,55.4,55.2,20.9,18.3,39.6,19.9,117.6,NO
232,8,8,150.8,154.0,40.4,94.0,74.1,50.5,117.4,17.9,28.7,42.1,63.5,False
233,8,9,58.9,309.9,33.5,42.2,64.2,72.1,112.1,11.7,47.1,28.7,173.4,YES
234,8,10,68.9,295.8,27.4,77.1,81.6,90.9,45.6,13.1,28.4,19.9,173.2,Y
235,8,11,74.0,357.8,31.9,59.9,89.2,84.7,31.7,29.8,38.1,25.3,17.3,False
236,8,12,77.0,184.9,24.7,59.9,61.6,69.7,118.2,13.9,40.5,27.8,242.6,yes
237,8,13,131.9,262.2,28.2,62.3,59.3,72.3,53.8,14.2,46.2,39.5,193.6,TRUE
238,8,14,81.6,282.6,25.0,69.9,81.3,90.2,156.6,12.0,30.1,27.3,181.3,Y
239,8,15,74.0,211.8,38.3,65.5,68.3,86.5,41.8,17.8,37.1,28.1,167.7,yes
240,8,16,58.7,191.1,26.6,56.6,62.5,77.5,138.8,0.5,44.0,19.7,16.9,False
241,8,17,96.7,273.5,26.6,,59.4,80.5,46.0,12.2,54.0,34.2,163.2,Y
242,8,18,85.2,330.9,27.8,62.3,,74.5,29.0,23.3,38.6,27.5,54.3,0
243,8,19,103.7,242.0,35.9,67.7,82.2,87.2,85.6,20.1,34.8,35.8,112.7,N
244,8,20,84.4,380.6,33.0,79.4,83.8,78.1,32.3,14.0,35.5,25.2,33.8,N
245,8,21,85.8,174.3,31.4,48.2,90.6,63.7,144.5,19.6,38.4,27.8,54.0,no
246,8,22,106.6,234.3,38.4,73.0,69.5,65.9,71.0,21.1,33.1,31.9,85.2,0
247,8,23,140.2,236.0,37.4,44.5,94.8,65.2,75.7,6.7,37.1,44.0,18.6,N
248,8,24,100.9,229.0,37.7,45.1,56.9,65.4,108.8,24.9,53.3,34.5,100.4,0
249,8,25,92.8,220.8,36.7,,90.9,64.3,62.5,13.2,26.9,26.2,233.6,yes
250,8,26,75.1,306.3,34.4,90.3,63.3,65.4,18.4,19.8,30.5,25.5,106.0,0
251,8,27,79.1,285.0,38.5,48.5,82.2,65.9,121.8,17.7,38.9,32.3,236.5,Y
252,8,28,92.1,332.3,36.8,51.0,97.5,57.1,34.8,14.4,36.3,34.6,151.3,YES
253,8,29,160.9,330.7,37.2,69.0,55.6,42.0,139.2,15.7,39.7,42.6,101.5,NO
254,8,30,155.9,180.9,35.3,51.8,64.5,74.9,148.0,15.5,49.3,53.6,228.5,yes
255,8,31,83.9,166.3,36.4,74.2,58.5,75.4,43.6,4.3,38.1,30.1,56.4,False
256,8,32,100.6,161.8,37.3,89.8,94.8,51.1,109.1,16.1,23.6,26.5,82.7,False
257,9,1,120.0,153.4,38.1,91.9,91.2,86.9,157.3,13.8,24.6,30.2,136.4,0
258,9,2,149.0,270.5,33.2,90.0,76.6,41.1,135.7,10.1,32.3,41.8,85.9,no
259,9,3,152.7,323.2,27.2,44.3,62.9,72.6,40.5,10.1,44.9,44.5,103.7,FALSE
260,9,4,79.6,260.5,33.8,62.8,,60.4,34.8,20.1,37.3,26.4,171.5,yes
261,9,5,123.6,392.8,37.2,49.9,55.7,42.1,18.9,17.9,48.5,40.7,151.9,True
262,9,6,73.9,211.3,41.3,47.4,58.8,87.5,152.9,14.4,50.6,28.2,57.3,No
263,9,7,59.7,230.8,37.9,85.8,84.1,50.8,73.5,15.0,24.4,14.5,119.5,No
264,9,8,97.1,230.0,30.8,62.3,95.0,66.2,70.6,19.5,37.4,28.3,42.2,no
265,9,9,148.3,255.4,29.2,55.9,66.6,56.3,60.8,16.3,41.1,43.7,72.9,N
266,9,10,92.5,320.8,40.9,90.7,78.5,56.2,97.7,9.6,31.2,24.1,158.2,TRUE
267,9,11,127.3,350.8,36.0,85.6,85.6,85.8,78.2,18.0,32.7,30.5,150.4,YES
268,9,12,63.8,284.7,25.6,75.9,69.7,46.8,126.7,29.6,35.5,19.7,103.8,no
269,9,13,92.9,384.6,35.5,55.6,88.8,42.1,69.5,26.5,35.7,32.5,45.7,No
270,9,14,142.8,303.7,40.8,75.1,65.7,48.0,81.8,20.1,42.4,44.6,33.3,N
271,9,15,153.5,312.3,27.4,73.4,64.6,45.3,52.4,21.5,41.8,40.6,229.1,1
272,9,16,59.3,212.1,40.6,76.9,89.0,88.1,40.7,13.6,33.7,21.3,248.2,YES
273,9,17,157.9,234.4,39.1,,71.9,81.4,105.7,16.7,40.1,49.2,11.6,0
274,9,18,98.1,225.6,37.3,89.5,95.5,69.7,121.7,9.7,24.3,28.1,19.7,N
275,9,19,,251.2,33.8,46.7,68.2,73.2,75.5,8.5,42.1,26.1,90.9,no
276,9,20,89.8,358.4,26.9,66.6,68.0,51.6,33.9,5.7,42.2,25.2,19.9,N
277,9,21,125.8,150.3,29.5,41.2,92.0,47.8,71.4,15.5,43.5,39.0,168.6,1
278,9,22,134.4,396.1,27.3,79.0,95.6,77.1,29.5,21.8,28.1,34.5,186.6,yes
279,9,23,97.6,389.7,35.9,75.4,91.4,65.1,86.6,28.6,33.4,27.1,230.0,True
280,9,24,80.6,288.9,30.1,83.4,97.4,68.8,91.7,14.9,24.9,25.7,192.8,Yes
281,9,25,121.7,166.0,28.9,70.6,59.3,73.3,36.3,11.8,45.8,34.1,142.1,NO
282,9,26,128.9,254.0,30.5,85.1,80.6,47.5,152.5,19.0,34.7,32.6,106.8,False
283,9,27,100.1,176.6,27.4,87.3,64.2,45.5,137.3,18.7,38.4,29.1,122.7,FALSE
284,9,28,87.4,233.9,26.9,90.3,84.6,68.3,49.1,10.9,27.8,23.7,221.7,Yes
285,9,29,158.0,297.4,38.3,71.4,,54.1,116.7,13.2,41.1,47.0,33.7,False
286,9,30,141.1,163.1,27.2,49.1,60.9,71.8,131.1,18.9,45.7,49.5,96.1,N
287,9,31,116.7,380.2,38.8,57.6,75.1,65.9,114.6,9.9,43.7,39.2,164.6,True
288,9,32,58.5,198.0,31.7,43.9,87.3,61.4,129.0,1.5,45.4,25.6,11.9,NO
289,10,1,105.4,38.6,26.1,42.4,76.5,70.1,30.2,32.4,48.2,34.0,231.0,True
290,10,2,75.2,35.8,32.7,81.0,69.7,93.0,13.6,7.1,35.1,17.7,44.7,N
291,10,3,155.9,28.5,29.5,64.2,59.1,91.4,27.0,27.0,38.6,49.1,99.4,N
292,10,4,113.4,51.0,33.9,80.9,56.3,69.7,33.3,27.9,35.0,27.4,118.9,FALSE
293,10,5,90.5,1.3,38.3,91.4,58.2,84.5,15.7,20.5,31.2,25.1,99.8,N
294,10,6,147.8,35.9,28.0,82.5,91.8,53.9,27.3,8.8,29.7,44.1,165.8,YES
295,10,7,78.6,23.5,31.2,61.8,65.0,67.8,34.2,18.4,46.6,22.7,204.1,1
296,10,8,,5.7,38.8,69.9,67.1,55.3,25.3,23.6,35.6,25.2,231.8,YES
297,10,9,152.8,34.3,37.5,63.9,,52.7,55.8,15.6,43.6,50.3,121.7,FALSE
298,10,10,82.7,9.9,29.7,73.4,89.3,91.3,36.8,14.4,35.0,29.8,169.6,yes
299,10,11,156.8,22.2,35.3,64.2,87.0,49.1,56.0,14.5,36.0,43.3,174.7,TRUE
300,10,12,117.9,0.7,29.0,43.7,76.8,47.7,25.4,20.7,48.4,37.7,91.6,No
301,10,13,64.4,59.2,33.7,54.9,86.7,41.9,44.2,11.4,33.1,24.2,21.4,0
302,10,14,157.1,46.5,33.3,59.4,67.0,68.3,60.9,9.7,45.6,42.5,94.2,N
303,10,15,84.0,0.7,28.7,54.0,65.2,40.4,13.9,25.0,45.2,28.6,138.5,0
304,10,16,92.9,36.7,34.0,83.4,90.5,64.3,52.5,14.8,27.4,24.0,244.7,True
305,10,17,98.6,35.1,38.8,62.3,,67.5,57.3,17.8,36.2,28.9,127.0,NO
306,10,18,131.0,24.9,33.6,66.8,91.7,46.2,51.8,23.3,31.3,41.6,125.4,no
307,10,19,59.7,6.6,41.0,59.5,84.2,43.4,59.9,32.2,37.7,24.6,35.3,FALSE
308,10,20,154.5,59.5,27.9,74.7,84.5,60.7,59.5,28.9,30.4,44.3,52.4,no
309,10,21,68.9,34.0,33.3,65.4,94.0,78.1,59.3,9.8,30.8,19.6,176.4,True
310,10,22,151.0,38.5,29.0,57.7,59.4,77.4,36.6,14.7,47.4,51.0,93.1,NO
311,10,23,66.5,35.8,35.9,72.7,73.1,79.9,24.3,4.5,40.8,24.2,6.1,No
312,10,24,93.7,47.7,40.1,50.4,89.8,57.1,32.3,21.4,37.6,30.4,10.0,NO
313,10,25,77.0,40.1,31.6,49.2,89.7,56.5,37.3,7.4,36.0,27.5,145.5,0
314,10,26,86.4,28.3,30.8,84.6,95.2,94.2,39.4,17.5,21.7,19.9,128.5,No
315,10,27,,12.0,30.3,74.8,86.0,60.1,22.5,13.2,27.0,42.0,63.2,no
316,10,28,115.0,10.4,29.0,67.3,92.6,92.8,56.8,22.9,30.4,33.4,5.4,N
317,10,29,98.2,20.2,29.3,82.6,73.4,84.6,7.6,9.9,34.2,32.3,206.7,True
318,10,30,,42.8,40.1,84.1,55.2,42.5,39.0,21.4,33.7,44.9,128.7,False
319,10,31,105.0,56.1,26.7,88.1,68.4,49.1,36.6,14.3,30.8,33.3,39.2,FALSE
320,10,32,73.4,52.1,26.4,67.5,78.5,48.3,45.2,23.3,34.6,25.4,199.7,yes
321,11,1,115.2,21.7,13.3,48.9,83.6,80.3,34.4,22.6,38.6,37.7,167.7,Yes
322,11,2,195.8,42.1,16.5,71.5,97.6,61.7,21.1,13.5,28.5,54.0,33.8,NO
323,11,3,213.8,10.5,9.2,64.0,86.9,48.6,21.8,17.5,33.9,65.1,235.8,YES
324,11,4,,7.8,11.5,64.5,65.6,56.0,46.6,24.8,42.5,34.4,8.2,False
325,11,5,219.5,10.5,20.3,,88.5,55.9,33.0,15.1,31.8,59.7,48.7,NO
326,11,6,139.1,47.6,21.8,40.1,61.9,75.4,36.7,10.5,46.9,42.7,13.3,no
327,11,7,156.9,16.4,12.5,75.8,80.3,58.4,31.7,22.4,32.8,39.4,123.5,N
328,11,8,121.2,20.5,17.6,72.4,84.4,90.5,59.0,6.0,37.1,37.9,125.5,N
329,11,9,138.6,1.0,15.9,84.7,74.3,83.6,38.0,25.1,27.6,40.0,66.3,0
330,11,10,,18.1,11.9,59.5,74.1,48.9,54.2,15.1,35.7,61.9,188.0,True
331,11,11,124.2,12.4,8.8,41.2,75.1,68.6,16.4,6.0,48.6,38.2,36.7,FALSE
332,11,12,110.6,10.5,17.2,75.9,73.5,94.1,57.0,17.3,30.9,31.2,56.2,False
333,11,13,169.9,15.1,11.8,52.3,78.4,68.7,39.8,10.7,44.8,55.0,79.0,FALSE
334,11,14,197.5,59.2,13.6,65.4,55.8,88.7,39.5,0.0,41.2,52.3,196.3,TRUE
335,11,15,113.7,57.5,14.9,47.6,97.5,41.3,23.0,18.7,36.8,43.0,215.0,TRUE
336,11,16,251.6,30.6,13.7,56.0,59.1,83.0,60.6,10.8,46.4,71.3,149.6,FALSE
337,11,17,100.7,2.7,9.4,43.2,63.7,78.4,55.8,28.5,43.2,41.2,45.1,No
338,11,18,215.1,55.4,18.4,44.9,91.7,74.7,27.1,12.0,42.7,66.5,194.6,yes
339,11,19,228.8,14.2,18.3,80.0,89.2,59.3,54.5,16.1,32.0,57.7,29.9,no
340,11,20,220.3,24.0,17.1,73.8,80.8,65.8,49.5,21.8,35.7,58.6,36.3,N
341,11,21,113.5,23.8,13.3,82.7,70.6,82.9,11.1,15.3,38.9,30.1,105.0,FALSE
342,11,22,157.4,49.2,17.9,48.1,92.1,57.9,57.4,27.5,33.7,49.3,206.3,1
343,11,23,209.5,36.2,21.4,44.3,91.3,87.9,24.5,14.1,43.2,64.6,61.0,N
344,11,24,243.9,21.2,12.8,,77.4,86.0,44.6,11.6,33.5,68.2,142.7,False
345,11,25,211.5,11.2,15.5,86.2,85.9,53.8,17.5,26.0,23.8,51.5,138.2,NO
346,11,26,89.9,2.1,9.7,49.2,72.6,76.3,8.6,11.5,45.4,32.2,6.0,no
347,11,27,138.6,53.0,8.7,66.3,55.3,65.5,24.2,16.9,44.5,38.5,231.2,Yes
348,11,28,198.9,17.0,15.6,64.7,56.6,48.4,43.6,16.8,43.1,54.8,61.5,False
349,11,29,86.5,41.7,20.9,53.0,63.0,90.8,49.0,17.9,48.2,27.5,59.9,0
350,11,30,220.6,13.8,8.5,40.8,67.0,74.2,60.9,18.6,50.8,67.7,45.8,no
351,11,31,178.5,11.8,17.2,71.5,73.4,76.3,48.0,14.9,41.0,47.6,72.9,FALSE
352,11,32,210.3,25.4,17.6,76.7,80.8,73.6,7.1,27.6,29.4,57.1,167.4,TRUE
353,12,1,105.8,28.7,8.1,44.7,72.6,87.5,51.5,16.7,47.6,32.5,30.4,No
354,12,2,211.4,53.2,13.9,51.3,61.9,55.7,21.6,3.1,46.3,61.4,189.5,Y
355,12,3,214.4,10.5,13.8,61.3,60.3,47.1,61.0,20.5,44.9,63.0,118.7,No
356,12,4,132.4,53.2,12.8,49.8,89.0,74.9,17.4,12.4,35.1,42.0,240.6,YES
357,12,5,101.9,46.8,13.1,92.7,84.6,54.5,45.9,18.8,25.8,22.5,170.0,YES
358,12,6,145.1,49.8,21.0,54.7,67.6,54.8,38.0,12.4,41.8,41.5,124.9,FALSE
359,12,7,137.5,42.3,17.1,72.4,96.9,40.4,18.5,17.6,34.1,35.8,50.8,0
360,12,8,90.9,17.7,18.5,43.5,96.6,65.7,36.4,25.1,33.9,32.8,5.8,0
361,12,9,124.4,51.7,17.2,87.8,75.2,46.4,56.5,3.4,32.4,34.9,244.5,YES
362,12,10,226.6,25.7,16.3,41.2,66.4,46.3,21.8,20.5,45.8,68.1,192.2,Yes
363,12,11,192.9,15.4,14.7,41.8,88.3,80.5,35.2,22.3,44.0,64.4,44.3,no
364,12,12,181.3,26.0,8.2,59.2,,94.1,14.6,15.1,35.8,50.3,229.9,Y
365,12,13,109.5,54.8,9.2,48.5,85.6,79.7,60.3,8.6,43.9,34.4,163.0,1
366,12,14,111.4,15.7,20.0,46.1,66.2,94.1,60.4,15.4,42.7,33.8,91.9,FALSE
367,12,15,248.0,1.8,16.5,70.6,67.9,69.8,40.4,4.5,35.6,70.3,169.3,True
368,12,16,110.0,37.8,10.4,69.1,72.0,61.4,29.0,12.2,41.3,36.6,173.1,YES
369,12,17,156.0,41.2,16.9,,70.5,47.4,46.7,13.2,42.8,47.5,204.4,True
370,12,18,211.9,20.8,20.4,41.5,,76.2,40.5,10.5,45.5,60.3,198.8,YES
371,12,19,246.8,42.2,11.9,64.4,87.3,42.2,52.2,19.2,36.5,73.6,70.4,NO
372,12,20,103.7,8.4,10.6,47.9,89.7,61.3,17.4,10.5,41.1,32.7,71.9,N
373,12,21,207.1,29.7,20.7,66.4,77.0,49.1,61.8,24.0,33.9,59.6,164.9,TRUE
374,12,22,140.0,10.1,11.1,50.3,55.2,81.5,10.7,8.3,44.0,40.9,7.5,FALSE
375,12,23,87.1,53.8,9.3,73.8,69.7,81.7,12.4,16.6,40.4,28.5,167.5,YES
376,12,24,250.1,50.2,11.7,86.7,83.4,89.6,55.1,13.5,32.1,65.0,40.8,FALSE
377,12,25,217.1,28.2,14.8,77.1,,92.2,21.9,19.8,36.5,62.1,35.1,No
378,12,26,97.8,45.3,9.6,58.9,59.9,49.8,22.9,16.7,49.0,32.9,91.6,0
379,12,27,218.6,10.8,16.7,83.0,82.9,83.2,53.3,17.2,26.7,60.6,237.1,TRUE
380,12,28,219.2,32.8,12.2,41.0,74.0,82.7,33.2,15.5,48.8,69.1,192.3,TRUE
381,12,29,250.9,49.3,18.5,43.6,95.4,68.2,55.3,25.4,35.2,70.3,172.8,yes
382,12,30,147.1,50.2,13.0,63.5,85.8,81.1,26.0,29.9,36.3,42.1,19.0,no
383,12,31,160.0,17.6,10.8,50.0,69.1,57.1,28.5,22.3,45.9,51.7,187.5,Yes
384,12,32,187.7,14.2,15.8,84.3,89.4,81.6,39.6,7.9,31.9,54.6,245.0,TRUE
385,13,1,87.8,41.7,13.2,66.3,56.9,76.0,59.5,13.8,42.2,24.2,222.9,Y
386,13,2,210.5,20.8,15.9,62.2,96.2,49.2,33.6,19.8,28.6,63.2,18.6,N
387,13,3,96.9,30.8,11.9,43.6,61.3,87.3,54.7,13.0,49.4,30.7,114.8,N
388,13,4,241.1,51.9,18.5,66.6,79.9,74.8,56.5,9.7,37.1,71.5,93.7,False
389,13,5,143.7,52.4,19.1,53.2,81.6,88.4,42.4,10.3,38.2,46.8,214.3,TRUE
390,13,6,165.8,19.8,10.1,48.7,71.1,79.2,49.3,8.1,41.5,54.3,239.2,Y
391,13,7,165.1,20.3,13.9,87.0,55.9,46.2,16.4,26.7,37.7,41.0,142.3,No
392,13,8,168.0,28.0,15.3,92.6,58.8,64.1,27.2,18.8,35.0,43.5,183.0,Y
393,13,9,215.6,46.9,14.8,43.9,94.1,93.9,29.2,29.7,41.0,61.7,123.3,NO
394,13,10,236.6,8.6,15.9,54.5,83.3,60.3,16.8,17.4,39.6,65.1,58.9,N
395,13,11,124.4,39.4,12.3,74.7,72.4,65.5,47.3,13.4,31.7,39.7,42.1,FALSE
396,13,12,178.0,48.4,11.9,92.8,69.2,75.6,53.5,19.0,32.3,46.3,217.8,YES
397,13,13,104.9,28.9,8.9,83.8,,41.0,19.6,13.4,26.6,28.6,74.4,FALSE
398,13,14,128.4,26.8,8.4,45.5,61.9,84.8,53.7,3.8,45.3,38.2,68.9,NO
399,13,15,182.0,33.3,21.1,85.3,74.3,73.2,12.1,9.4,35.9,47.6,188.5,True
400,13,16,226.7,48.3,9.8,72.9,91.3,65.2,39.5,14.2,28.5,65.7,125.0,False
401,13,17,200.4,38.1,21.1,47.7,71.7,75.2,36.8,22.1,47.6,57.2,162.6,True
402,13,18,85.2,47.9,15.7,46.4,82.1,70.4,7.5,10.5,45.4,30.5,233.1,True
403,13,19,176.7,35.8,15.0,71.1,69.6,52.6,49.9,11.3,37.0,48.1,175.5,1
404,13,20,124.3,19.2,17.8,69.4,96.5,77.0,57.5,6.6,31.0,37.1,108.4,N
405,13,21,215.3,30.5,18.8,91.0,79.7,68.9,51.4,21.0,30.5,56.4,96.1,NO
406,13,22,177.4,52.2,12.0,83.0,73.5,88.4,18.4,9.0,31.8,48.5,34.6,No
407,13,23,116.5,55.5,14.2,61.7,66.9,64.1,43.7,18.6,38.3,39.8,101.9,No
408,13,24,241.7,28.1,20.3,45.9,79.6,44.0,22.0,9.4,43.9,69.5,202.0,Yes
409,13,25,239.3,26.8,13.1,65.6,86.1,70.9,29.0,19.8,37.0,63.1,185.6,YES
410,13,26,139.1,28.1,17.9,52.4,86.9,70.0,12.9,22.4,39.4,40.1,189.5,True
411,13,27,113.1,26.6,15.8,54.8,84.2,43.0,9.9,8.2,38.3,41.9,70.2,False
412,13,28,235.1,6.8,11.3,67.2,83.6,47.7,33.9,21.4,32.0,64.1,18.4,NO
413,13,29,197.1,9.6,10.9,90.4,90.6,45.5,42.6,9.5,23.0,55.3,156.7,Yes
414,13,30,123.6,36.1,18.7,60.7,72.7,74.4,41.6,17.6,37.1,43.1,166.3,True
415,13,31,109.5,25.0,8.9,86.0,68.3,59.7,15.9,18.2,31.7,25.9,12.2,False
416,13,32,172.4,1.1,20.6,60.9,65.6,94.3,26.0,10.1,39.5,51.9,55.2,No
417,14,1,168.9,36.1,10.1,45.7,90.0,63.0,42.1,13.8,38.1,57.4,215.5,TRUE
418,14,2,220.3,34.6,14.0,63.9,84.3,56.3,35.7,19.6,35.4,64.4,66.0,FALSE
419,14,3,214.0,49.1,15.3,77.7,85.0,74.8,48.8,16.0,34.9,55.5,86.7,0
420,14,4,155.0,12.6,15.9,48.9,73.1,69.2,13.0,25.3,44.7,53.9,220.1,yes
421,14,5,128.4,48.5,9.6,58.5,66.0,56.7,26.5,18.2,43.7,40.9,101.9,0
422,14,6,99.0,16.6,8.3,63.1,58.3,66.2,40.0,24.4,41.3,31.5,147.2,no
423,14,7,131.9,32.0,15.8,64.4,,94.5,17.1,12.7,35.4,44.7,65.3,NO
424,14,8,179.7,21.9,13.6,40.1,86.4,48.1,45.8,8.6,40.5,60.6,208.6,Y
425,14,9,109.6,47.0,19.4,47.1,59.9,64.0,33.3,12.7,50.1,34.9,48.3,False
426,14,10,249.9,4.0,21.5,,72.5,82.6,34.6,16.9,34.1,70.7,122.7,no
427,14,11,209.2,10.4,12.1,69.2,55.2,79.3,9.2,24.4,44.3,56.2,240.4,True
428,14,12,241.5,34.0,21.9,49.8,86.5,90.5,18.7,9.5,39.7,73.4,10.8,False
429,14,13,209.9,47.8,13.6,47.1,66.4,77.1,13.6,13.7,45.0,64.3,154.3,1
430,14,14,,56.7,13.6,82.6,96.7,89.5,42.1,20.1,25.3,33.8,192.5,YES
431,14,15,229.7,58.9,16.3,82.4,82.9,81.9,52.2,12.0,28.6,56.1,112.8,NO
432,14,16,180.0,42.3,10.6,47.7,85.9,42.7,61.0,22.4,37.2,55.2,44.9,False
433,14,17,88.7,23.6,9.0,93.0,95.6,77.9,38.2,7.3,25.2,19.8,244.1,YES
434,14,18,128.7,26.5,8.8,68.0,86.7,76.8,9.6,10.8,30.0,41.6,240.1,Y
435,14,19,,42.8,20.7,65.9,88.3,64.8,60.1,16.5,28.7,46.5,86.2,False
436,14,20,249.3,48.6,18.6,64.6,82.0,58.2,58.8,9.9,35.8,65.6,147.0,N
437,14,21,,6.8,18.2,61.1,75.1,66.8,59.7,11.2,35.2,32.2,91.3,FALSE
438,14,22,125.0,29.7,13.5,76.4,69.4,91.9,10.7,15.4,34.9,33.4,36.6,0
439,14,23,165.1,35.6,17.1,50.8,64.8,73.8,47.0,15.3,48.1,51.7,153.9,Y
440,14,24,160.4,33.8,12.2,80.8,87.8,87.5,51.7,13.0,27.1,39.6,157.0,Yes
441,14,25,196.8,31.0,13.8,91.1,94.3,66.2,24.8,15.4,29.3,46.6,134.4,False
442,14,26,223.4,6.1,9.4,79.4,89.5,80.6,52.8,23.2,25.0,59.7,58.7,0
443,14,27,206.6,4.8,18.5,82.4,92.9,94.4,9.0,16.5,28.3,55.0,45.0,NO
444,14,28,230.7,48.0,21.2,71.8,57.9,64.3,8.1,13.3,41.2,64.3,141.8,FALSE
445,14,29,237.8,55.1,15.6,56.1,64.4,65.0,23.3,24.1,41.2,64.6,199.2,1
446,14,30,218.1,54.0,14.7,45.1,91.3,57.4,35.7,22.9,40.2,70.0,132.2,0
447,14,31,221.7,23.8,19.5,55.0,65.8,63.5,41.4,22.0,41.5,64.5,110.3,N
448,14,32,161.3,48.8,20.7,42.7,91.8,71.1,23.2,19.6,37.0,51.8,228.4,Y
449,15,1,58.1,42.5,29.5,60.8,76.2,72.0,18.8,13.8,36.9,19.9,150.6,TRUE
450,15,2,890.2467616655795,18.4,33.0,92.7,87.3,46.7,31.8,9.6,26.8,23.6,248.3,TRUE
451,15,3,154.0,19.3,33.1,64.1,80.4,41.5,17.6,18.7,38.7,41.7,119.5,FALSE
452,15,4,129.2,25.8,40.3,90.6,90.3,55.3,57.2,17.9,21.4,36.3,192.5,Yes
453,15,5,67.7,55.4,32.7,64.7,59.9,49.9,56.6,24.2,42.5,28.7,206.4,TRUE
454,15,6,123.3,39.9,30.5,84.6,79.7,44.2,14.3,17.5,30.7,38.4,216.5,YES
455,15,7,118.7,59.0,24.0,62.3,59.3,52.3,33.9,14.3,44.4,35.0,246.9,Y
456,15,8,110.2,21.4,35.0,41.1,76.3,54.4,50.7,15.8,41.1,35.6,64.3,No
457,15,9,149.9,57.0,37.3,,76.5,53.4,43.1,22.9,34.5,41.8,105.9,False
458,15,10,143.3,35.8,36.6,76.2,58.8,76.5,60.4,9.6,39.3,43.7,78.8,no
459,15,11,,29.4,25.5,73.5,88.4,63.0,34.0,19.9,32.0,23.5,168.9,TRUE
460,15,12,134.7,32.1,28.6,54.6,88.8,86.2,20.9,8.1,36.2,46.1,200.7,TRUE
461,15,13,66.7,10.6,26.3,80.6,76.0,93.9,28.9,27.4,36.4,25.2,130.3,no
462,15,14,62.8,54.5,30.6,91.0,77.1,61.9,10.5,15.2,31.4,22.3,119.9,0
463,15,15,143.9,46.3,34.8,80.0,72.8,87.6,60.1,17.4,33.6,36.3,67.7,no
464,15,16,122.2,24.1,26.5,79.8,94.3,41.1,26.3,15.9,26.3,36.4,41.3,N
465,15,17,55.0,49.9,39.0,59.6,93.9,40.4,30.7,19.0,32.3,19.6,72.4,0
466,15,18,81.2,42.7,40.0,94.3,76.6,62.2,58.6,14.4,28.1,19.9,28.8,NO
467,15,19,77.3,58.6,38.4,63.5,83.5,45.7,60.5,13.0,38.5,28.1,152.4,Yes
468,15,20,111.7,10.2,33.1,93.7,57.4,59.0,53.4,19.4,31.4,25.7,121.5,0
469,15,21,83.7,10.3,38.9,79.8,73.4,49.4,7.5,14.4,32.2,22.6,72.3,no
470,15,22,77.6,4.6,25.4,93.8,,47.5,14.2,27.2,38.0,22.0,242.0,Y
471,15,23,73.8,43.8,25.4,71.6,88.1,46.5,30.9,18.2,31.2,20.4,195.7,yes
472,15,24,59.4,10.4,24.3,84.4,62.2,81.2,38.2,8.1,37.8,22.4,206.5,1
473,15,25,59.9,15.1,40.3,56.1,77.1,94.1,29.1,21.9,37.6,19.8,7.0,FALSE
474,15,26,,4.0,37.2,,83.2,57.6,28.8,12.9,28.2,26.5,51.2,False
475,15,27,76.7,17.8,31.7,81.0,75.8,48.0,22.3,27.5,33.7,23.1,215.2,Yes
476,15,28,136.8,41.6,28.4,54.4,58.8,60.8,44.7,18.0,45.7,38.3,227.0,Yes
477,15,29,109.4,36.5,38.8,57.7,66.2,42.4,47.8,12.1,39.4,31.3,33.3,False
478,15,30,124.9,49.4,35.7,41.1,75.2,50.8,62.7,15.6,42.1,46.0,72.5,NO
479,15,31,107.5,0.7,28.8,,71.1,64.6,15.1,8.6,47.4,35.5,31.5,NO
480,15,32,,34.8,31.8,48.1,59.5,57.8,55.5,24.3,48.3,32.9,127.3,no
481,16,1,157.4,18.0,24.4,55.1,84.3,67.5,48.3,14.9,40.8,45.0,52.3,0
482,16,2,140.3,34.5,38.1,84.9,55.3,56.4,59.0,19.7,39.4,37.5,136.1,no
483,16,3,142.0,14.5,40.5,47.0,97.8,72.8,25.6,14.8,37.8,50.6,195.6,True
484,16,4,81.0,45.6,36.9,40.1,62.3,80.0,55.9,8.4,52.2,33.2,65.6,False
485,16,5,82.6,17.2,39.3,56.0,90.4,67.0,36.1,11.7,32.4,24.5,195.9,Yes
486,16,6,,58.7,32.6,49.9,73.7,41.3,22.9,11.2,38.1,44.9,213.9,1
487,16,7,118.2,36.5,36.5,87.9,85.9,60.2,53.0,9.1,31.6,33.8,132.6,NO
488,16,8,123.5,42.8,26.6,80.4,72.4,82.3,48.1,14.9,34.7,33.4,13.6,no
489,16,9,81.1,58.2,33.9,76.1,57.5,87.8,16.1,19.8,37.9,27.7,137.6,No
490,16,10,72.7,49.5,34.5,41.6,62.1,87.3,57.5,9.6,53.0,27.2,167.2,True
491,16,11,153.5,54.7,37.5,66.8,81.3,45.3,26.9,26.5,32.8,42.6,130.8,FALSE
492,16,12,128.2,43.4,37.4,67.8,71.8,75.4,53.5,9.6,37.8,35.8,154.4,True
493,16,13,86.4,15.6,38.9,94.1,68.9,81.4,14.0,17.8,33.4,19.4,244.8,Yes
494,16,14,89.6,56.6,36.7,60.6,89.7,54.1,51.0,20.6,30.4,30.4,204.4,Yes
495,16,15,61.7,50.0,27.5,87.6,87.8,61.1,33.0,13.7,26.6,20.0,230.5,Yes
496,16,16,148.2,18.1,36.7,71.4,96.3,91.7,34.2,19.1,28.6,37.9,214.8,yes
497,16,17,99.6,27.2,26.6,82.8,,66.6,57.2,17.7,30.0,32.8,247.6,yes
498,16,18,136.9,2.1,24.9,72.8,61.2,93.0,33.5,17.8,43.7,41.8,168.7,Y
499,16,19,80.5,14.4,29.2,55.0,55.1,76.8,47.4,2.8,43.5,28.1,74.9,No
500,16,20,103.0,32.3,39.6,79.1,58.4,54.5,18.9,22.1,38.6,29.6,48.8,N
501,16,21,87.3,4.5,28.2,90.0,64.4,68.3,59.3,7.9,28.7,26.3,112.5,no
502,16,22,114.4,14.9,29.4,43.2,74.9,93.8,27.8,13.8,46.7,36.4,203.8,True
503,16,23,150.5,57.2,28.1,46.9,61.1,84.6,34.3,21.4,43.6,48.2,52.8,0
504,16,24,104.8,38.1,40.9,87.4,81.5,50.0,12.5,33.7,29.3,28.7,167.3,TRUE
505,16,25,137.3,39.7,40.1,44.1,96.3,59.0,43.3,16.2,40.9,42.3,127.4,FALSE
506,16,26,112.6,8.6,37.8,57.6,96.2,47.7,40.0,16.7,35.7,32.0,235.1,TRUE
507,16,27,66.7,36.0,27.8,70.9,58.4,82.6,44.9,19.5,42.8,20.8,211.0,TRUE
508,16,28,101.4,54.9,37.8,65.5,78.9,46.5,42.1,18.4,37.5,28.5,96.1,No
509,16,29,81.4,17.6,32.2,44.5,64.2,61.2,44.6,21.4,49.3,34.1,189.8,1
510,16,30,64.4,4.6,30.3,74.4,60.1,45.7,56.6,13.2,42.8,19.8,131.7,No
511,16,31,89.7,7.8,32.8,84.1,72.9,66.2,31.3,14.1,33.9,23.1,146.6,NO
512,16,32,72.8,9.3,29.8,82.4,60.3,52.8,55.7,17.7,41.9,26.1,249.6,1
513,17,1,122.0,7.7,36.1,48.6,75.4,45.5,22.4,7.6,44.0,39.3,212.7,TRUE
514,17,2,133.0,8.8,32.8,64.9,80.8,53.7,30.1,24.5,36.4,40.7,55.4,0
515,17,3,58.0,59.8,33.4,43.5,66.9,66.8,47.3,29.5,44.8,29.8,101.7,0
516,17,4,146.3,12.6,25.0,80.4,75.5,70.3,25.5,23.7,29.8,36.2,243.9,TRUE
517,17,5,152.9,23.2,24.7,60.6,55.9,68.9,53.7,37.7,46.7,44.8,155.7,True
518,17,6,103.7,39.4,35.1,45.0,77.7,40.6,63.0,31.4,44.5,35.5,183.8,TRUE
519,17,7,56.2,47.6,31.9,92.4,84.0,58.7,49.4,36.9,25.9,16.4,25.4,FALSE
520,17,8,153.3,7.8,36.9,89.4,80.5,74.1,26.9,24.4,29.1,36.5,109.6,No
521,17,9,80.7,2.2,35.9,48.7,72.0,40.5,49.1,44.1,45.0,30.5,244.1,yes
522,17,10,87.1,22.4,25.1,61.1,83.4,70.8,30.9,32.8,32.1,33.9,246.6,yes
523,17,11,108.7,11.5,37.6,60.6,78.6,83.5,32.9,34.6,42.5,30.8,112.9,FALSE
524,17,12,99.7,29.7,32.1,49.4,65.4,69.5,8.4,34.4,40.6,33.1,81.1,No
525,17,13,102.8,42.7,34.8,89.8,55.3,66.5,26.9,15.2,35.3,31.2,166.2,Yes
526,17,14,147.5,14.6,28.8,64.8,73.8,71.2,24.9,19.7,36.1,45.4,84.5,no
527,17,15,130.7,16.5,26.7,67.0,64.9,62.7,10.6,16.4,41.6,36.6,106.0,No
528,17,16,154.3,17.5,28.5,62.9,87.4,65.3,30.7,14.0,34.4,44.4,42.6,no
529,17,17,99.0,27.4,35.7,86.8,96.5,51.7,61.9,29.6,28.8,24.9,190.3,YES
530,17,18,125.0,10.7,24.4,77.6,71.9,68.5,13.0,31.1,35.1,37.1,28.1,No
531,17,19,65.8,14.5,26.6,54.9,73.0,49.9,48.5,31.9,41.6,28.3,114.7,no
532,17,20,103.2,9.8,33.0,45.0,84.7,94.6,53.3,38.1,44.0,39.7,150.4,Y
533,17,21,155.2,55.7,32.6,78.9,87.2,47.0,53.0,22.3,28.4,42.8,225.3,Y
534,17,22,100.7,48.9,31.2,55.5,55.3,43.2,21.6,31.5,44.3,31.7,109.3,0
535,17,23,115.4,39.8,25.5,80.3,58.2,59.6,31.3,13.9,34.1,31.6,95.2,no
536,17,24,138.7,42.3,28.6,65.4,,69.8,45.2,28.6,32.4,36.8,136.2,No
537,17,25,115.0,38.8,34.1,78.9,73.4,88.3,60.3,35.5,34.8,36.3,155.9,TRUE
538,17,26,66.8,29.0,26.6,62.6,94.8,52.8,19.5,27.4,29.2,19.9,236.5,YES
539,17,27,77.0,53.0,31.7,42.6,61.2,70.5,45.7,21.7,53.8,26.4,212.8,True
540,17,28,143.1,3.1,30.7,52.8,79.2,68.1,54.7,14.5,40.4,47.3,176.9,yes
541,17,29,158.0,0.8,26.7,64.5,97.8,40.7,41.6,32.6,26.4,45.3,238.0,YES
542,17,30,61.4,32.9,35.6,89.4,66.3,73.7,39.9,34.7,35.8,18.2,179.5,1
543,17,31,149.1,1.7,28.5,52.2,83.1,62.7,27.7,16.3,41.6,48.3,239.7,TRUE
544,17,32,134.5,46.3,29.8,92.4,67.3,85.5,38.0,31.1,29.1,33.9,93.4,FALSE
545,18,1,140.3,334.0,26.5,88.3,93.2,49.5,140.3,13.4,25.3,40.1,218.3,Yes
546,18,2,97.0,232.5,33.0,50.3,86.0,93.4,18.0,14.4,37.2,37.8,173.8,yes
547,18,3,115.5,352.1,27.9,45.3,68.3,78.4,81.1,5.2,43.4,35.4,55.2,0
548,18,4,160.8,291.8,36.0,75.1,58.0,46.4,151.1,26.4,44.0,47.8,249.3,TRUE
549,18,5,,219.3,31.3,67.1,72.1,61.7,102.5,43.6,39.5,28.5,114.4,NO
550,18,6,130.0,369.4,38.9,83.6,84.2,76.2,56.0,32.8,26.5,34.4,229.6,Y
551,18,7,56.4,281.0,27.9,53.0,67.7,82.9,28.0,24.2,43.7,20.9,144.0,no
552,18,8,75.3,365.9,37.9,57.0,60.4,92.3,144.6,34.3,46.8,29.5,79.9,N
553,18,9,107.2,182.1,38.7,55.0,,66.6,76.1,7.8,34.4,38.5,230.8,yes
554,18,10,161.9,230.4,24.3,57.1,77.4,94.2,59.8,23.7,44.0,44.3,10.8,no
555,18,11,88.3,317.2,28.4,78.0,86.7,45.3,121.6,7.0,35.1,27.9,203.6,1
556,18,12,60.1,176.2,35.2,55.1,89.1,41.6,82.4,49.1,38.5,25.5,149.3,No
557,18,13,73.6,391.7,33.8,,60.6,59.0,122.3,21.5,45.5,27.0,59.4,NO
558,18,14,151.1,376.7,30.3,83.0,65.2,44.7,49.3,19.2,32.9,37.3,83.2,No
559,18,15,160.4,217.9,35.5,,65.2,85.6,132.1,5.5,39.3,43.4,138.4,0
560,18,16,155.1,156.7,39.0,44.5,,75.5,31.8,27.5,46.3,46.0,132.8,FALSE
561,18,17,148.5,175.2,26.8,62.8,68.6,69.0,21.0,14.7,37.3,47.6,237.5,Yes
562,18,18,78.9,299.8,39.8,92.8,80.7,67.1,107.6,26.0,32.6,18.5,249.9,Yes
563,18,19,,255.5,38.5,63.2,81.9,41.6,87.5,29.0,39.1,28.2,132.6,N
564,18,20,127.5,259.1,34.8,78.7,64.3,45.0,106.4,34.9,38.5,39.7,146.6,0
565,18,21,,257.4,41.1,53.9,91.0,85.0,88.8,25.3,34.0,46.4,124.4,no
566,18,22,,335.5,28.4,83.5,83.7,43.4,105.3,42.8,29.8,25.5,203.9,Y
567,18,23,123.4,333.6,39.6,85.2,89.8,47.5,23.0,21.6,25.2,31.9,186.9,yes
568,18,24,,369.6,40.8,55.3,62.5,63.8,27.9,35.0,39.9,33.0,39.9,N
569,18,25,94.3,182.7,25.7,72.6,63.4,81.3,112.0,34.0,41.9,26.2,241.1,Yes
570,18,26,136.1,262.3,36.7,74.1,70.2,60.6,53.7,23.4,38.0,38.7,231.6,Y
571,18,27,64.4,267.4,29.5,66.0,82.8,62.3,85.1,33.3,34.9,20.3,249.3,True
572,18,28,158.8,348.3,29.4,47.0,88.7,86.1,96.2,20.9,34.7,45.9,209.3,True
573,18,29,107.0,368.0,36.9,74.5,58.4,79.2,24.9,16.5,35.6,34.4,173.9,Y
574,18,30,153.6,362.2,25.9,80.4,95.7,40.1,37.0,42.0,30.9,42.8,168.7,1
575,18,31,88.2,202.0,25.1,66.5,70.0,55.5,136.3,21.8,37.4,30.6,12.6,no
576,18,32,93.9,243.3,33.8,76.2,70.5,94.3,101.6,27.6,31.7,28.2,160.0,Yes
577,19,1,58.3,307.8,28.0,63.0,87.1,63.9,29.5,33.4,31.8,17.0,74.4,No
578,19,2,154.8,208.0,29.5,91.1,82.5,80.6,140.1,25.7,25.4,36.4,225.2,1
579,19,3,71.3,383.0,32.1,72.1,68.4,40.3,104.6,15.8,34.5,24.2,118.8,No
580,19,4,140.3,349.3,34.2,78.9,67.3,41.6,120.5,26.4,40.6,35.2,113.6,NO
581,19,5,135.3,288.2,34.3,62.9,70.8,43.4,79.5,13.8,39.3,42.1,192.6,Y
582,19,6,148.5,351.6,24.0,79.4,76.7,46.9,108.0,26.0,29.4,44.7,12.6,False
583,19,7,130.4,386.3,38.5,65.9,90.3,74.3,68.7,17.1,33.4,40.1,125.0,FALSE
584,19,8,101.6,352.5,41.9,88.0,,60.0,121.3,35.1,20.9,30.1,64.4,No
585,19,9,54.4,155.8,41.7,,63.1,91.9,47.8,17.8,42.3,17.4,100.5,N
586,19,10,114.8,157.8,30.5,56.3,61.6,88.2,36.9,42.8,42.8,40.3,231.8,1
587,19,11,,161.1,36.5,83.8,67.9,72.8,127.3,45.0,35.1,18.7,228.3,1
588,19,12,69.1,169.3,37.4,58.7,97.1,88.4,68.7,37.2,35.2,22.4,181.9,TRUE
589,19,13,137.2,261.1,40.7,,89.3,75.9,75.8,24.7,24.9,36.7,34.3,0
590,19,14,57.8,320.4,40.6,69.8,96.9,88.4,101.3,30.7,31.2,21.5,41.4,FALSE
591,19,15,156.6,322.1,30.9,53.9,85.8,64.7,111.5,35.1,37.1,49.6,72.2,FALSE
592,19,16,102.1,216.4,38.1,42.5,62.9,75.3,68.6,31.7,44.6,41.3,77.2,NO
593,19,17,150.1,259.5,37.4,67.6,81.9,49.1,41.7,28.9,34.3,45.4,213.4,Y
594,19,18,116.3,230.9,38.6,50.4,87.0,79.3,119.4,37.5,38.8,35.0,70.3,FALSE
595,19,19,91.6,179.9,39.3,52.3,60.8,42.3,143.3,31.5,50.9,36.5,181.4,Yes
596,19,20,65.9,292.4,33.0,90.9,64.0,62.7,144.7,34.2,36.2,15.4,167.6,Y
597,19,21,152.8,246.8,38.2,47.3,60.6,56.8,129.9,32.0,44.9,51.6,197.0,Yes
598,19,22,133.7,389.9,39.3,54.4,74.0,57.0,141.6,15.2,45.3,42.4,106.0,No
599,19,23,152.1,194.0,34.9,86.1,76.1,87.5,41.9,26.3,35.5,43.9,213.7,yes
600,19,24,57.0,349.4,38.7,55.3,91.9,79.7,19.6,50.7,39.4,22.7,168.3,1
601,19,25,116.2,395.9,25.3,62.4,75.2,47.7,64.1,20.6,39.5,41.0,10.6,N
602,19,26,98.3,386.8,26.2,,59.9,43.4,96.9,7.9,50.1,35.9,12.4,N
603,19,27,132.2,217.1,36.2,72.6,62.7,70.7,92.1,22.0,38.7,38.9,59.4,False
604,19,28,121.4,372.4,25.1,55.2,68.0,45.1,106.4,27.4,38.8,38.0,178.8,1
605,19,29,64.3,224.4,37.6,92.4,90.4,77.3,114.0,25.6,25.0,14.6,196.9,Y
606,19,30,144.2,366.9,33.5,61.2,64.0,48.6,24.2,15.8,40.2,39.3,180.4,Yes
607,19,31,89.7,386.6,36.6,45.2,57.2,91.2,45.4,25.0,51.0,33.1,133.3,No
608,19,32,135.5,271.1,35.0,58.7,75.2,51.2,127.1,36.8,37.3,42.0,6.2,0
609,20,1,124.8,210.8,34.5,40.1,95.0,52.8,139.1,18.3,34.6,41.2,145.8,0
610,20,2,94.7,315.9,24.8,74.1,95.6,64.4,122.0,21.3,31.2,28.7,42.6,N
611,20,3,99.0,162.7,35.1,91.6,70.5,56.4,50.9,21.5,27.4,29.2,141.1,False
612,20,4,142.4,260.3,35.0,52.4,72.1,81.5,30.0,17.0,44.4,44.9,249.6,True
613,20,5,124.0,234.6,39.4,65.4,90.7,50.5,73.4,9.3,29.5,38.7,172.8,Y
614,20,6,74.8,355.6,34.7,88.4,84.9,55.6,128.4,12.4,24.9,23.3,122.4,N
615,20,7,123.2,363.3,24.1,,74.6,44.6,76.9,8.0,28.1,35.0,155.7,yes
616,20,8,112.4,288.2,30.7,84.5,85.2,64.4,80.3,17.4,28.0,29.1,128.9,0
617,20,9,118.9,227.9,28.1,72.6,60.4,85.8,76.1,7.2,40.5,36.9,31.7,FALSE
618,20,10,107.7,244.1,37.4,52.6,55.5,47.7,47.1,18.5,46.3,37.2,126.6,FALSE
619,20,11,108.7,248.5,38.9,88.2,85.6,61.4,133.4,20.6,24.6,34.2,65.7,0
620,20,12,55.0,292.5,31.6,49.3,57.4,58.0,40.1,8.9,43.5,25.5,107.3,NO
621,20,13,70.2,358.6,40.5,54.8,77.6,74.0,114.9,19.7,35.7,27.3,117.4,FALSE
622,20,14,89.1,235.8,33.6,51.5,60.9,48.3,138.2,11.6,43.9,27.6,218.9,YES
623,20,15,155.7,335.5,39.1,,68.7,46.1,83.6,25.0,46.8,50.2,205.0,YES
624,20,16,138.1,202.3,33.7,51.4,86.6,44.3,144.7,15.0,37.9,46.6,168.9,Y
625,20,17,105.9,387.2,36.3,40.6,68.3,75.8,122.2,15.9,43.2,37.1,98.5,No
626,20,18,107.0,229.1,32.9,73.3,58.1,57.6,129.0,5.8,36.7,31.0,213.1,Y
627,20,19,98.8,151.8,33.2,49.2,88.9,82.2,93.2,14.3,35.7,36.9,204.6,True
628,20,20,156.6,196.9,30.3,74.4,86.2,45.9,157.4,11.2,35.2,43.7,124.6,No
629,20,21,130.6,201.6,33.4,55.5,63.3,65.8,31.6,19.0,46.3,37.6,201.8,TRUE
630,20,22,119.6,157.6,38.3,44.1,95.5,53.3,37.6,15.1,38.3,43.7,218.9,yes
631,20,23,106.8,327.8,39.2,62.2,,57.1,152.3,21.9,36.9,35.4,91.6,False
632,20,24,59.1,286.1,35.6,66.4,59.0,43.7,121.9,33.1,45.4,21.5,135.4,No
633,20,25,69.5,360.6,35.8,75.2,64.8,51.3,137.1,24.7,38.2,23.3,236.8,yes
634,20,26,76.2,152.1,31.4,56.8,70.8,77.3,154.7,16.1,44.5,31.7,81.6,0
635,20,27,58.6,297.3,30.0,48.8,89.3,88.1,160.7,15.7,33.9,25.4,192.1,YES
636,20,28,101.9,188.0,36.2,67.3,81.9,77.7,59.0,7.6,36.4,32.1,187.1,yes
637,20,29,70.6,373.4,25.2,69.7,92.6,77.5,42.6,19.1,31.6,22.5,37.8,NO
638,20,30,,351.8,34.5,74.2,89.4,41.3,52.5,23.2,27.5,38.1,156.2,yes
639,20,31,82.0,382.5,30.5,62.2,77.9,66.5,79.7,16.1,39.8,29.9,136.6,no
640,20,32,65.2,369.2,41.2,45.2,62.4,71.4,96.9,24.6,47.1,25.0,209.3,TRUE
641,21,1,84.3,222.5,38.4,58.7,62.9,63.3,84.3,30.3,46.8,28.5,26.7,0
642,21,2,148.1,279.8,24.7,85.1,58.2,85.0,141.1,21.0,38.6,41.2,96.9,No
643,21,3,143.7,169.0,33.7,55.5,,77.9,151.2,12.7,47.5,49.3,42.0,0
644,21,4,132.8,327.8,41.3,57.4,88.2,47.9,75.3,26.0,39.0,39.5,16.8,no
645,21,5,,324.3,34.6,68.9,88.9,69.9,142.6,15.6,34.1,25.7,227.0,Y
646,21,6,129.9,324.0,38.5,43.5,96.7,87.4,92.0,11.5,39.9,47.5,76.6,no
647,21,7,140.6,225.9,29.0,58.8,59.4,58.5,105.5,13.4,44.8,45.1,195.8,Y
648,21,8,124.8,313.7,25.2,40.1,71.2,58.9,135.8,10.0,50.0,40.2,111.7,FALSE
649,21,9,105.3,385.2,25.5,87.7,70.0,50.1,153.2,18.6,35.1,31.1,21.2,NO
650,21,10,136.0,277.3,40.4,43.2,58.4,47.1,90.6,10.1,48.3,47.5,26.6,0
651,21,11,66.3,172.9,32.6,53.4,87.5,46.4,109.2,9.7,41.3,21.8,82.2,no
652,21,12,124.7,182.5,40.6,83.6,85.8,50.0,125.9,9.8,33.5,30.1,230.4,YES
653,21,13,123.1,314.9,24.7,87.6,,64.0,59.2,20.0,29.6,37.0,141.5,no
654,21,14,66.1,384.5,39.8,88.4,81.4,63.2,45.9,12.2,25.5,17.2,134.1,NO
655,21,15,123.0,300.5,28.3,92.0,58.8,57.1,78.2,2.7,38.4,37.2,143.7,NO
656,21,16,113.6,150.2,29.3,75.9,63.2,74.8,96.5,16.5,38.6,30.4,118.2,0
657,21,17,129.4,245.1,27.4,70.1,80.2,88.3,143.6,17.9,39.2,38.9,236.4,TRUE
658,21,18,56.3,383.2,33.3,52.8,87.5,45.1,104.7,8.1,38.9,20.8,38.6,0
659,21,19,61.0,258.4,31.6,53.8,79.8,40.8,87.5,17.5,38.5,21.5,169.3,True
660,21,20,,224.7,32.2,41.3,70.1,83.0,99.9,19.8,42.7,47.8,9.3,False
661,21,21,890.2467616655795,377.8,38.4,72.2,72.9,85.5,28.4,21.7,38.0,38.2,5.6,0
662,21,22,117.3,291.0,27.0,46.5,63.3,59.6,85.3,21.4,50.4,40.3,51.3,NO
663,21,23,133.0,246.3,37.3,67.1,96.5,48.9,60.2,0.0,32.3,39.9,104.6,no
664,21,24,148.8,376.0,41.0,75.0,94.3,48.3,118.5,22.2,27.2,41.8,179.9,YES
665,21,25,102.5,211.1,29.1,92.1,88.5,75.4,158.2,9.4,28.7,25.8,195.5,Y
666,21,26,73.5,326.7,34.6,59.2,89.2,84.1,134.7,20.7,39.6,27.8,130.3,N
667,21,27,60.3,379.4,41.3,47.4,66.5,69.1,127.8,19.4,42.8,27.6,76.1,FALSE
668,21,28,143.2,317.0,27.9,90.3,87.1,51.1,105.6,2.8,30.0,37.6,22.4,NO
669,21,29,106.9,173.4,27.4,42.1,83.9,68.9,93.6,22.5,46.0,36.6,12.7,No
670,21,30,120.7,157.3,27.6,63.0,94.7,57.6,121.4,25.5,36.5,35.3,27.8,N
671,21,31,156.3,268.7,39.8,52.5,74.7,45.9,25.2,28.5,46.1,52.9,236.3,True
672,21,32,71.5,372.8,33.0,56.8,64.5,46.3,55.7,13.3,42.6,24.1,233.4,TRUE
673,22,1,97.2,48.8,31.9,70.8,89.4,67.2,33.7,15.7,33.2,33.3,208.5,Y
674,22,2,63.7,26.4,29.6,91.4,,50.4,54.0,11.2,28.2,13.4,125.8,no
675,22,3,63.2,6.5,33.1,89.3,59.2,93.3,27.6,15.6,31.3,20.0,156.5,1
676,22,4,115.7,19.3,31.9,79.4,74.2,62.5,19.2,23.8,35.4,32.0,22.9,No
677,22,5,156.2,49.7,35.7,63.3,71.2,72.7,52.6,21.1,40.6,45.5,223.1,Yes
678,22,6,890.2467616655795,40.6,33.9,42.7,89.8,86.7,25.3,17.9,42.6,33.2,9.1,FALSE
679,22,7,141.4,42.9,31.2,86.8,63.3,73.4,25.5,19.2,33.1,35.8,160.0,yes
680,22,8,54.0,0.2,35.8,76.5,76.6,91.7,60.1,15.7,30.1,20.3,191.9,1
681,22,9,70.7,19.4,40.8,89.9,92.3,62.5,29.3,21.1,22.8,14.7,200.3,True
682,22,10,108.5,47.6,25.8,44.2,89.7,70.0,61.7,8.0,38.3,41.4,16.2,no
683,22,11,67.0,4.8,33.3,90.3,95.2,91.3,48.0,15.6,20.6,22.0,69.5,N
684,22,12,59.3,25.4,24.1,47.8,78.3,61.7,57.4,12.7,45.9,23.0,102.1,N
685,22,13,77.1,15.4,33.4,67.2,67.6,60.9,18.0,21.3,44.2,24.9,141.0,0
686,22,14,81.2,3.7,41.6,60.4,80.7,76.5,25.9,18.6,42.4,27.1,9.3,N
687,22,15,154.7,28.8,37.5,57.5,61.1,66.7,32.2,21.5,41.9,48.3,204.8,1
688,22,16,72.7,56.4,24.9,47.5,83.1,50.9,39.8,9.7,38.1,28.4,229.0,True
689,22,17,74.3,56.8,30.4,40.1,73.6,94.3,20.5,15.7,44.4,29.1,109.2,NO
690,22,18,,36.7,25.6,72.8,97.6,70.6,36.9,14.9,27.1,42.8,82.8,No
691,22,19,,3.7,33.6,63.9,95.5,64.1,27.7,11.8,36.7,38.3,158.7,True
692,22,20,68.3,59.4,26.8,83.5,96.1,49.1,53.6,15.4,24.6,17.5,147.4,False
693,22,21,60.5,30.2,41.5,75.3,72.3,51.5,44.2,4.6,30.8,21.4,173.4,True
694,22,22,145.7,27.7,33.7,61.5,70.7,59.1,41.3,20.9,41.2,48.1,202.7,YES
695,22,23,106.9,41.5,41.8,86.5,57.9,91.4,37.5,25.3,38.7,33.3,75.7,No
696,22,24,68.0,9.1,35.1,92.2,87.4,62.6,32.9,18.4,24.4,17.1,75.9,NO
697,22,25,101.6,48.1,31.7,68.1,56.3,62.8,49.8,6.8,40.9,32.8,109.3,False
698,22,26,128.5,54.3,34.5,86.6,75.9,93.9,33.2,14.1,32.8,39.4,82.3,0
699,22,27,89.4,45.9,41.3,62.9,81.0,46.2,31.7,12.7,32.1,32.7,160.1,yes
700,22,28,94.8,58.7,27.8,62.4,71.2,61.5,27.1,22.3,40.8,28.1,138.7,NO
701,22,29,156.9,17.5,27.5,44.3,70.6,84.8,55.4,19.4,42.2,54.0,156.2,YES
702,22,30,78.5,14.1,31.7,71.8,74.9,61.5,16.3,26.1,34.9,25.4,221.3,True
703,22,31,113.3,21.0,28.2,45.0,95.1,50.7,49.0,18.6,33.6,38.9,210.8,Y
704,22,32,93.2,37.6,32.8,79.6,73.4,46.2,14.5,8.4,32.1,29.9,224.5,YES
705,23,1,121.6,41.0,18.1,51.1,74.3,75.8,57.9,26.0,45.2,37.1,135.4,N
706,23,2,190.5,53.5,20.9,78.3,55.6,66.6,59.5,31.2,36.6,52.7,162.4,True
707,23,3,,7.2,8.9,85.5,80.6,78.8,51.9,13.3,32.1,44.0,230.4,Y
708,23,4,247.8,34.0,18.4,86.6,61.4,57.6,24.1,18.2,35.5,61.1,179.0,Y
709,23,5,177.8,54.5,13.0,89.6,90.4,76.0,45.4,19.2,30.3,48.2,137.4,0
710,23,6,185.8,7.3,17.0,66.8,76.0,60.6,39.6,15.2,36.0,53.1,145.7,0
711,23,7,157.0,54.6,9.9,69.8,68.0,82.6,15.3,20.4,35.3,48.9,223.7,True
712,23,8,140.8,54.1,9.2,81.5,59.8,44.2,58.8,15.6,40.2,37.5,204.3,TRUE
713,23,9,200.2,2.6,21.1,42.2,89.4,89.8,47.9,11.3,41.5,57.9,113.2,NO
714,23,10,135.0,15.7,18.9,67.6,92.0,87.0,27.5,13.5,31.0,37.1,225.3,yes
715,23,11,131.2,56.6,9.5,55.0,69.2,47.4,50.7,10.0,47.2,38.5,37.7,no
716,23,12,203.8,6.6,17.1,69.1,67.4,82.0,51.1,16.7,38.7,61.2,111.6,No
717,23,13,200.8,29.1,10.4,74.3,59.1,94.2,27.9,17.2,41.2,57.1,236.7,TRUE
718,23,14,167.0,5.0,10.4,53.6,,45.2,13.1,9.9,40.0,54.7,177.4,yes
719,23,15,191.6,36.3,12.3,53.1,70.2,56.0,12.2,7.4,40.0,56.3,109.0,False
720,23,16,233.7,31.6,20.4,64.6,87.0,62.5,31.2,6.3,31.4,62.3,46.7,FALSE
721,23,17,132.6,3.7,8.8,89.9,84.1,75.7,59.5,15.9,26.6,32.0,158.7,TRUE
722,23,18,170.4,41.2,8.4,88.9,67.7,46.9,29.4,15.2,29.9,43.6,231.5,Yes
723,23,19,890.2467616655795,3.0,9.8,46.2,94.7,90.8,57.1,9.9,40.1,48.2,72.1,NO
724,23,20,197.7,29.4,10.2,79.9,82.7,50.5,58.5,19.8,33.8,54.3,92.1,no
725,23,21,118.2,47.8,21.2,50.4,73.5,84.3,33.4,10.5,46.8,35.9,211.0,YES
726,23,22,125.1,8.4,13.7,84.2,93.6,46.4,11.2,21.1,28.5,33.5,214.8,True
727,23,23,173.8,6.9,10.2,83.1,86.9,47.2,20.6,18.4,25.2,49.5,76.4,0
728,23,24,141.2,7.8,10.4,88.5,61.6,83.1,7.8,22.5,38.4,40.4,242.8,yes
729,23,25,112.4,39.2,14.7,67.3,84.8,81.0,34.1,15.7,37.3,34.9,123.9,no
730,23,26,217.0,18.0,19.0,88.0,,49.1,36.9,9.4,31.0,57.5,224.5,Y
731,23,27,136.8,48.9,20.9,85.1,60.0,70.8,21.2,13.5,41.2,36.8,59.7,No
732,23,28,123.4,44.5,19.9,54.3,56.3,81.0,14.0,21.0,48.2,36.8,129.4,NO
733,23,29,114.3,56.6,19.4,80.7,92.7,74.0,48.1,28.3,24.7,37.2,224.6,Yes
734,23,30,144.4,16.7,21.7,61.2,81.6,63.3,24.4,15.9,38.3,42.9,193.5,True
735,23,31,223.5,32.5,8.2,89.3,70.1,74.0,46.2,26.3,32.3,55.2,226.8,1
736,23,32,106.1,54.6,12.7,77.1,75.6,77.2,24.2,20.1,30.9,29.4,152.5,Y
737,24,1,187.8,49.3,8.4,63.6,75.5,53.5,42.2,12.6,37.4,51.8,144.9,False
738,24,2,153.4,39.4,21.5,69.2,92.1,60.1,49.9,17.2,36.2,42.7,174.1,YES
739,24,3,156.5,46.7,16.4,82.5,58.1,45.4,8.8,8.0,40.6,44.7,35.0,No
740,24,4,240.4,46.9,18.6,73.7,87.3,42.8,43.7,20.3,28.3,70.0,238.3,1
741,24,5,223.1,42.6,10.9,86.2,,52.9,60.2,24.8,37.1,59.4,49.7,0
742,24,6,207.8,38.3,14.1,72.4,75.0,85.6,45.1,12.5,38.9,55.2,48.1,N
743,24,7,150.1,51.5,19.6,72.3,63.8,84.0,21.5,22.4,34.5,39.8,36.0,NO
744,24,8,235.5,43.4,20.1,46.3,75.2,87.2,38.0,25.6,48.3,69.7,81.1,FALSE
745,24,9,105.1,11.9,20.3,48.1,92.0,67.1,7.7,20.8,35.4,36.3,234.5,True
746,24,10,205.2,54.3,15.0,74.9,68.3,56.4,8.1,22.1,39.1,57.1,21.7,No
747,24,11,114.7,31.4,21.6,87.6,66.7,47.2,28.6,7.9,29.0,29.4,95.3,FALSE
748,24,12,238.1,14.1,12.8,50.1,88.0,70.9,27.4,16.3,33.7,72.1,164.4,Y
749,24,13,93.3,3.2,17.6,81.2,59.3,81.6,47.6,28.3,33.8,23.8,136.6,False
750,24,14,178.1,22.2,17.5,58.4,56.3,80.3,43.4,19.5,47.1,51.9,148.6,False
751,24,15,113.8,45.7,13.4,88.5,74.5,82.6,39.1,12.6,30.1,32.2,241.3,YES
752,24,16,121.3,28.7,20.8,72.4,89.9,71.9,46.1,21.9,32.0,33.9,160.9,1
753,24,17,150.2,38.7,9.9,63.3,74.1,57.7,40.2,13.3,37.8,48.1,173.7,True
754,24,18,209.6,17.1,9.4,87.6,82.9,84.3,34.1,11.8,31.7,50.8,215.9,TRUE
755,24,19,247.3,53.9,19.8,63.6,58.0,77.3,47.8,23.9,44.5,70.6,30.8,False
756,24,20,185.5,58.9,17.9,48.6,88.4,46.1,33.9,21.5,42.3,57.6,69.6,NO
757,24,21,136.8,17.8,13.4,66.4,55.8,54.6,61.2,12.1,39.1,40.2,220.5,Y
758,24,22,233.4,13.2,21.5,69.2,88.9,50.6,43.0,15.7,32.4,69.4,171.1,True
759,24,23,,59.0,11.6,63.3,61.4,79.3,58.7,21.6,42.2,36.3,205.6,Y
760,24,24,222.2,1.3,16.1,56.0,61.4,54.6,31.9,23.6,47.7,65.3,60.2,N
761,24,25,152.8,36.5,8.1,46.8,79.0,42.3,61.4,16.6,40.8,49.0,37.9,N
762,24,26,206.3,30.4,17.9,,,70.8,59.8,16.1,47.9,63.4,73.4,FALSE
763,24,27,242.7,8.7,19.7,63.8,74.8,56.0,44.3,12.6,39.1,70.2,16.5,False
764,24,28,108.7,29.8,14.3,64.8,63.8,84.8,9.7,12.4,44.7,35.6,245.7,Yes
765,24,29,148.0,0.2,18.3,61.7,82.3,47.7,51.4,11.0,33.4,48.0,108.9,No
766,24,30,102.4,2.4,18.7,,78.2,82.5,43.8,1.9,34.5,28.9,72.8,False
767,24,31,164.1,41.0,20.7,83.5,95.7,90.0,28.8,8.7,23.0,43.4,127.8,0
768,24,32,157.1,47.7,20.0,60.0,71.6,47.7,25.6,23.0,36.0,48.5,103.6,no
769,25,1,141.8,31.0,16.0,81.5,63.5,91.5,15.9,13.5,40.9,39.5,223.1,YES
770,25,2,251.5,26.3,14.5,57.9,58.0,84.1,46.7,12.7,40.8,75.1,194.5,yes
771,25,3,91.5,55.6,10.4,71.9,64.4,68.4,15.7,15.1,37.0,29.1,86.2,NO
772,25,4,233.9,32.0,9.9,40.1,85.4,70.4,33.1,7.0,43.1,73.6,141.1,FALSE
773,25,5,129.7,2.1,12.2,87.1,93.1,65.1,17.9,6.8,29.1,35.2,109.0,FALSE
774,25,6,100.0,4.4,13.6,71.3,75.6,53.6,18.0,17.9,35.1,33.9,90.8,N
775,25,7,118.8,32.9,16.4,93.9,83.8,73.2,39.4,24.4,24.9,27.5,246.0,TRUE
776,25,8,249.7,52.2,19.6,86.4,58.0,72.9,31.1,27.5,38.3,61.2,143.7,0
777,25,9,209.3,50.1,10.1,63.1,83.0,65.9,43.9,26.1,36.6,55.5,112.1,N
778,25,10,177.3,16.8,9.5,55.1,95.4,91.2,17.3,0.0,30.6,52.0,8.6,NO
779,25,11,174.8,38.0,15.0,66.7,72.0,40.9,48.0,9.7,34.0,54.3,49.5,No
780,25,12,140.8,51.8,12.9,94.8,79.6,65.5,24.5,13.0,25.3,32.2,28.2,False
781,25,13,193.3,11.9,11.1,,71.1,65.7,48.8,9.4,35.7,56.8,134.0,0
782,25,14,245.5,4.2,19.8,54.0,69.0,62.1,62.3,11.3,43.5,70.6,80.4,No
783,25,15,155.9,55.6,11.6,,85.2,73.3,9.5,11.7,40.1,51.0,160.7,Yes
784,25,16,,28.4,20.6,47.1,89.1,61.1,25.4,6.9,39.3,68.8,15.4,N
785,25,17,217.5,5.6,9.9,67.5,76.1,56.6,25.7,17.8,37.0,57.4,246.7,Yes
786,25,18,122.5,50.6,21.2,56.2,61.8,79.1,43.4,13.1,47.9,43.3,28.5,NO
787,25,19,230.6,25.5,17.2,83.0,91.8,84.9,26.7,17.2,27.0,64.5,114.8,No
788,25,20,217.1,54.7,18.3,59.4,75.5,72.2,9.7,19.8,38.1,58.6,126.3,No
789,25,21,132.1,37.8,18.3,87.6,95.3,81.4,60.9,14.7,29.3,40.1,149.4,False
790,25,22,251.8,49.2,13.7,59.7,94.4,87.8,37.5,14.7,29.7,67.1,33.6,NO
791,25,23,184.8,25.4,20.7,56.8,62.2,77.0,39.7,13.6,47.5,54.4,16.1,FALSE
792,25,24,,0.3,16.3,55.0,56.8,78.0,35.4,19.9,45.9,49.2,65.3,False
793,25,25,124.3,44.0,9.3,50.4,87.6,66.2,20.1,22.0,39.1,44.5,138.9,no
794,25,26,200.7,44.9,16.7,,59.5,44.2,16.4,0.0,34.5,51.9,102.0,NO
795,25,27,243.4,34.7,9.2,56.6,68.4,64.8,29.6,19.4,44.4,72.5,97.5,NO
796,25,28,238.5,34.3,9.2,51.4,93.8,79.9,43.6,2.0,34.8,70.4,186.8,yes
797,25,29,222.3,58.6,10.3,54.6,89.4,82.8,45.3,22.8,33.5,62.1,248.6,TRUE
798,25,30,143.2,40.1,12.0,82.3,92.3,74.5,57.5,23.6,27.5,42.8,9.9,no
799,25,31,241.0,44.9,20.4,55.2,82.7,73.1,60.4,16.5,40.8,66.1,195.7,Y
800,25,32,158.5,14.9,14.0,56.6,87.8,73.7,17.5,15.3,39.6,50.2,218.9,YES
801,26,1,140.5,43.8,17.6,66.5,73.9,46.7,7.5,32.0,37.6,39.5,180.6,TRUE
802,26,2,243.5,21.6,16.8,51.0,55.6,67.0,17.6,4.4,47.0,67.0,182.6,Yes
803,26,3,231.3,23.8,19.4,84.2,87.4,68.9,39.9,10.8,25.7,62.2,243.4,yes
804,26,4,131.9,21.2,20.0,57.8,95.3,89.5,7.2,7.3,32.0,38.8,71.4,FALSE
805,26,5,155.4,15.9,12.2,84.3,86.2,41.4,30.9,16.2,27.9,39.0,223.6,TRUE
806,26,6,241.5,48.7,15.8,79.1,62.6,52.4,29.3,20.0,39.7,61.0,179.8,Y
807,26,7,243.3,37.2,9.4,89.2,67.8,89.5,25.8,8.2,36.0,60.7,127.5,False
808,26,8,85.5,38.4,11.1,73.3,86.3,49.6,9.2,11.4,32.3,30.5,210.9,True
809,26,9,242.9,58.0,9.5,49.9,57.8,90.0,58.1,17.6,50.7,68.7,29.8,FALSE
810,26,10,235.5,14.6,14.8,55.7,83.9,94.5,13.2,17.8,33.4,64.8,145.1,FALSE
811,26,11,143.3,2.1,18.4,55.8,97.8,73.0,55.0,23.1,37.3,44.4,132.0,N
812,26,12,241.5,44.4,13.8,47.4,97.8,84.1,58.0,12.3,32.1,74.8,58.3,N
813,26,13,103.9,3.6,13.9,77.8,75.4,63.8,56.9,23.2,31.5,26.9,240.1,Yes
814,26,14,243.4,4.7,15.5,48.1,83.6,49.6,29.0,13.1,40.8,69.9,79.0,False
815,26,15,158.4,24.9,18.1,82.7,57.4,60.7,22.9,23.3,40.1,46.2,106.4,0
816,26,16,171.1,29.4,20.1,45.9,73.4,59.0,27.9,18.0,48.4,51.8,67.9,False
817,26,17,141.6,8.9,10.6,93.3,84.8,79.6,10.0,14.9,24.1,32.3,62.6,False
818,26,18,214.9,47.3,8.7,,61.0,76.2,30.7,16.5,43.1,57.6,102.9,FALSE
819,26,19,111.3,40.5,18.9,50.6,82.0,45.4,52.2,26.6,43.6,38.8,209.5,Y
820,26,20,167.6,15.9,21.0,77.7,80.6,55.1,37.5,10.0,36.0,47.5,98.9,No
821,26,21,95.2,48.7,17.9,76.2,83.1,51.3,26.4,6.4,32.2,32.0,91.5,FALSE
822,26,22,239.1,15.2,21.4,93.4,62.0,68.3,31.9,6.2,30.7,64.4,192.5,1
823,26,23,166.3,25.5,11.1,85.2,63.1,43.4,18.5,19.6,32.6,42.7,140.4,0
824,26,24,107.4,40.4,9.3,63.7,97.2,86.6,9.4,21.3,31.9,32.5,179.6,TRUE
825,26,25,235.6,50.8,11.9,47.1,67.1,79.0,25.8,17.7,49.1,74.1,144.8,N
826,26,26,205.5,17.1,8.9,,64.4,43.0,29.2,13.5,48.2,57.6,247.6,Yes
827,26,27,182.8,24.4,9.7,62.4,73.7,56.1,60.1,20.6,35.4,58.1,44.2,N
828,26,28,146.4,52.8,12.4,87.0,77.6,40.3,29.5,12.0,30.6,39.6,53.9,no
829,26,29,105.4,29.3,11.6,93.3,61.3,41.2,59.0,11.4,32.8,26.1,210.0,TRUE
830,26,30,148.7,15.0,9.3,54.0,92.6,88.6,9.0,8.4,34.7,48.8,56.7,0
831,26,31,239.6,12.4,16.4,81.3,82.5,92.4,16.7,10.7,32.9,66.6,130.0,N
832,26,32,178.1,56.7,19.8,87.8,93.4,84.4,20.0,19.0,30.2,49.8,247.7,yes
833,27,1,96.8,42.5,36.4,62.8,79.1,60.9,40.3,15.9,35.6,31.0,231.2,True
834,27,2,147.4,45.1,26.1,48.1,68.3,51.5,27.5,14.4,42.0,45.0,171.5,Y
835,27,3,890.2467616655795,29.6,24.1,50.1,81.3,91.7,12.2,13.1,45.2,31.8,69.1,N
836,27,4,130.6,10.1,27.9,85.3,91.4,91.4,14.3,25.7,25.2,34.4,209.0,True
837,27,5,138.1,57.0,38.6,71.2,85.3,89.0,16.0,24.5,31.3,41.4,53.1,N
838,27,6,90.4,36.3,39.9,67.6,94.1,65.2,14.1,15.2,31.9,27.8,90.5,N
839,27,7,59.0,36.5,26.9,79.6,77.6,50.3,17.8,8.9,35.3,20.7,46.6,no
840,27,8,121.9,52.7,31.1,83.5,55.5,46.0,13.7,17.1,39.8,29.4,142.7,No
841,27,9,88.8,12.6,36.3,70.6,75.5,75.2,44.5,17.3,36.7,26.6,97.4,0
842,27,10,55.9,5.6,25.5,42.0,56.0,75.7,50.1,18.3,50.5,29.9,125.6,0
843,27,11,153.4,56.6,27.6,,65.1,60.8,55.2,16.2,32.3,40.8,153.3,TRUE
844,27,12,102.6,6.6,38.5,63.5,97.9,70.7,14.4,14.3,30.7,34.5,217.6,TRUE
845,27,13,90.2,51.2,28.5,89.2,72.1,49.9,54.9,7.4,33.6,23.7,95.0,N
846,27,14,104.1,46.4,25.7,62.2,78.0,91.8,55.5,13.2,38.2,35.1,8.8,0
847,27,15,59.2,24.6,28.1,49.7,79.5,90.0,20.2,7.5,38.3,27.8,20.2,False
848,27,16,136.2,2.1,41.3,70.4,65.0,54.1,7.8,12.0,36.0,43.3,121.2,NO
849,27,17,100.6,35.2,38.6,59.5,80.7,85.0,42.7,18.4,35.1,29.5,188.4,YES
850,27,18,76.4,14.1,25.1,67.4,80.9,49.7,35.6,9.1,36.6,22.3,214.6,yes
851,27,19,97.0,55.1,39.6,75.2,76.6,87.9,40.2,12.4,33.1,32.1,217.2,True
852,27,20,118.9,35.4,37.1,76.4,82.8,61.2,26.5,20.0,33.8,38.1,68.6,no
853,27,21,124.3,30.8,33.8,54.3,93.3,43.7,19.4,12.3,37.8,36.5,76.2,No
854,27,22,56.5,21.5,37.0,68.0,81.8,82.9,57.8,28.6,39.0,25.4,231.2,Yes
855,27,23,108.4,31.2,28.9,91.4,88.7,75.2,10.1,22.4,26.8,33.3,211.3,1
856,27,24,85.1,50.2,26.3,80.8,79.7,88.1,32.4,12.7,30.5,20.3,150.1,TRUE
857,27,25,54.3,43.5,24.1,46.3,79.7,66.3,47.2,25.2,41.2,27.2,38.4,no
858,27,26,155.5,58.8,26.0,51.7,76.6,66.9,36.4,25.5,38.5,47.1,61.3,NO
859,27,27,121.8,44.8,27.9,82.0,85.5,54.7,10.4,5.4,31.3,37.6,120.7,NO
860,27,28,104.6,31.8,39.3,62.0,59.3,50.4,13.1,7.7,40.1,33.1,201.6,True
861,27,29,,29.0,24.8,,74.7,73.6,48.4,26.4,40.6,31.1,63.8,False
862,27,30,87.4,42.2,29.4,67.5,85.5,62.0,31.0,17.2,34.5,27.4,245.0,yes
863,27,31,109.6,47.0,31.9,50.3,68.1,60.8,50.6,12.2,43.5,35.8,6.0,NO
864,27,32,150.0,24.0,35.2,72.2,66.2,81.6,54.3,24.1,40.0,47.9,206.8,TRUE
865,28,1,,28.9,32.8,93.5,94.2,89.9,31.9,9.0,24.2,11.7,112.0,N
866,28,2,108.6,22.7,32.8,81.7,79.5,76.0,18.0,10.0,32.8,31.8,166.7,TRUE
867,28,3,99.3,17.6,32.5,50.9,94.1,59.3,51.0,20.3,37.0,30.8,103.3,FALSE
868,28,4,83.0,23.2,36.2,51.4,97.2,63.0,17.8,16.4,35.5,30.5,69.3,no
869,28,5,103.2,53.4,26.4,80.9,96.4,90.0,56.9,27.0,25.0,29.7,156.8,YES
870,28,6,89.6,25.1,39.8,53.5,96.0,50.9,18.5,18.9,33.3,30.5,44.4,False
871,28,7,89.8,21.3,37.6,49.7,69.5,67.5,45.3,20.2,44.4,29.7,134.6,N
872,28,8,129.7,15.4,39.3,66.1,56.3,92.6,13.0,3.1,47.3,43.5,215.1,1
873,28,9,92.4,12.2,38.2,84.2,96.0,61.8,26.3,8.7,25.7,29.8,128.6,NO
874,28,10,145.2,5.4,25.9,58.0,87.5,64.6,19.5,19.0,34.9,45.2,215.4,TRUE
875,28,11,91.2,36.6,34.1,94.8,90.9,85.8,23.8,12.6,28.3,24.1,123.5,NO
876,28,12,92.8,46.2,38.2,48.1,58.6,85.5,42.3,23.9,49.0,34.9,148.4,NO
877,28,13,149.0,25.0,34.5,88.8,60.9,46.8,26.7,15.2,37.5,42.2,90.3,False
878,28,14,100.4,38.3,27.0,71.7,79.1,48.9,25.9,20.9,32.9,30.6,61.6,No
879,28,15,137.8,33.1,32.3,63.8,95.4,58.7,39.9,12.2,29.9,45.4,226.1,1
880,28,16,119.4,36.2,41.9,94.0,60.9,80.8,56.9,7.1,33.5,28.2,178.6,Yes
881,28,17,119.8,18.2,34.7,40.8,90.3,54.9,30.0,18.6,39.2,44.4,20.1,False
882,28,18,102.6,58.0,30.8,65.7,65.8,43.4,10.5,11.6,40.0,29.1,169.0,yes
883,28,19,142.7,8.0,35.0,49.7,60.3,75.1,45.5,10.0,46.1,41.3,101.3,NO
884,28,20,88.4,36.2,26.4,52.7,,73.4,20.6,7.8,37.6,34.5,179.2,1
885,28,21,83.6,54.1,24.9,56.5,71.5,85.0,37.9,14.9,42.7,31.9,82.8,FALSE
886,28,22,111.1,5.9,30.9,56.4,68.4,82.3,40.9,17.7,40.5,32.4,16.1,No
887,28,23,101.7,28.7,39.9,69.5,55.5,74.7,23.2,18.9,45.3,36.2,142.3,N
888,28,24,,36.7,36.1,74.1,97.0,49.5,8.0,26.2,25.7,23.2,44.6,No
889,28,25,99.6,7.9,37.5,41.1,65.8,79.3,33.6,20.5,51.7,41.6,126.5,no
890,28,26,100.9,45.5,24.2,92.1,62.4,89.5,59.4,22.1,35.3,23.1,47.6,FALSE
891,28,27,64.3,46.1,30.6,74.8,97.3,63.7,39.1,11.5,27.0,17.6,113.1,no
892,28,28,104.1,41.5,28.8,62.7,85.3,82.5,51.0,5.4,34.7,32.3,136.0,N
893,28,29,93.1,31.7,40.3,82.4,60.1,60.1,8.0,25.4,36.5,31.1,6.2,FALSE
894,28,30,82.7,12.3,27.9,94.9,74.5,64.8,47.0,15.3,28.1,21.5,132.4,NO
895,28,31,99.0,5.5,28.3,93.8,86.2,42.8,11.5,17.1,22.7,23.4,216.1,Y
896,28,32,138.7,35.6,24.2,92.6,84.3,69.4,43.9,20.9,22.0,32.7,76.6,No
897,29,1,,47.5,24.7,83.6,63.6,40.7,34.2,26.0,34.6,42.4,244.5,True
898,29,2,65.1,16.4,28.9,89.4,79.2,55.9,62.0,43.2,31.9,18.8,20.0,No
899,29,3,91.4,29.5,24.5,72.7,86.7,71.0,32.7,19.8,33.8,31.7,205.6,yes
900,29,4,157.7,32.0,26.5,91.4,80.5,63.6,31.2,37.4,28.0,40.9,79.3,N
901,29,5,155.7,24.1,28.7,64.3,70.1,73.7,7.5,24.5,43.4,44.0,143.9,False
902,29,6,80.1,26.5,27.0,51.6,85.4,40.8,19.0,33.5,43.8,25.8,147.4,FALSE
903,29,7,125.6,2.1,30.0,91.1,71.2,89.6,28.7,31.5,30.4,30.5,112.2,0
904,29,8,142.0,53.4,30.1,61.2,95.6,54.2,28.2,11.1,35.8,43.0,220.9,Yes
905,29,9,130.7,12.9,33.7,53.7,79.2,51.0,8.9,24.6,45.0,43.3,173.9,Yes
906,29,10,153.7,53.9,28.8,77.3,86.0,52.9,9.2,25.8,31.5,45.9,140.8,no
907,29,11,,51.8,38.4,70.5,97.9,46.2,37.5,24.3,27.0,24.1,127.6,No
908,29,12,158.9,40.4,30.7,60.3,93.2,64.0,32.4,11.6,31.0,52.1,206.4,TRUE
909,29,13,72.0,1.9,34.4,85.8,94.9,85.6,22.8,36.1,25.0,23.9,47.0,FALSE
910,29,14,111.4,19.9,26.8,91.6,55.6,85.3,51.8,17.3,33.6,33.9,135.9,No
911,29,15,154.0,4.8,31.6,67.6,60.0,54.1,25.2,34.6,39.8,47.2,14.5,No
912,29,16,56.5,55.3,28.6,,67.8,60.1,62.3,35.4,38.3,23.9,85.2,No
913,29,17,161.4,39.1,29.2,88.1,72.0,51.4,37.1,27.4,29.6,43.2,13.6,N
914,29,18,133.1,29.5,39.8,62.0,58.2,92.2,21.8,36.1,48.3,41.6,12.0,FALSE
915,29,19,155.9,27.6,37.3,61.7,77.2,89.5,17.7,38.4,35.2,47.0,130.1,False
916,29,20,109.4,16.2,31.2,74.3,96.2,71.4,7.9,16.9,31.7,28.6,50.5,NO
917,29,21,111.4,53.4,34.2,58.5,81.9,91.3,58.1,18.4,42.0,38.4,125.2,N
918,29,22,157.2,25.6,34.4,52.0,95.0,46.4,27.7,14.3,32.3,50.8,152.9,Yes
919,29,23,147.7,3.3,25.7,81.3,87.4,80.2,49.5,28.5,33.1,43.7,144.3,No
920,29,24,61.2,9.6,34.9,51.8,83.6,49.8,26.7,28.1,35.1,28.3,24.8,0
921,29,25,103.7,14.5,34.8,61.2,82.0,59.9,12.8,24.6,33.9,35.4,142.0,No
922,29,26,,54.6,28.8,70.0,96.7,90.4,59.7,50.8,32.1,32.4,49.3,NO
923,29,27,119.7,40.1,27.6,83.3,78.9,46.8,44.8,26.9,26.4,36.8,66.0,N
924,29,28,114.0,9.2,34.8,70.3,64.7,40.1,17.6,34.5,41.9,33.8,203.6,yes
925,29,29,83.9,4.3,30.8,44.6,96.2,78.0,40.1,43.4,37.3,28.2,164.2,1
926,29,30,86.3,14.5,35.4,45.8,96.4,41.7,32.4,9.9,39.3,31.4,140.1,0
927,29,31,154.3,38.7,41.2,72.7,61.8,85.7,61.4,31.9,36.2,42.6,29.1,FALSE
928,29,32,68.8,6.7,36.7,86.6,95.7,64.0,10.0,10.0,23.3,17.6,163.2,YES
929,30,1,148.8,302.4,34.1,87.3,81.6,75.9,119.7,21.9,33.9,43.9,46.6,FALSE
930,30,2,128.3,177.1,26.4,41.6,66.7,73.1,81.4,39.5,45.6,42.5,249.5,yes
931,30,3,,287.1,34.3,51.7,64.2,63.1,59.0,28.8,48.4,41.7,36.3,False
932,30,4,100.2,272.2,25.9,64.5,56.1,77.7,78.4,27.8,40.5,35.1,38.7,N
933,30,5,80.9,264.5,33.2,91.5,91.3,80.0,157.4,24.0,26.7,23.0,174.4,yes
934,30,6,83.5,245.6,29.5,91.9,97.3,43.1,76.5,30.2,21.2,20.6,152.2,1
935,30,7,75.3,208.5,35.9,73.1,89.0,57.2,47.4,33.6,36.1,26.9,191.5,Y
936,30,8,145.1,204.6,38.6,84.9,93.4,49.9,62.5,43.7,28.6,36.8,23.1,False
937,30,9,69.5,286.0,34.1,64.5,85.0,52.4,99.5,33.3,34.2,28.9,115.8,0
938,30,10,80.6,181.7,37.6,89.3,73.9,74.6,148.7,12.5,28.8,19.4,231.7,True
939,30,11,78.9,354.1,35.4,43.2,93.5,60.9,81.9,11.6,39.9,35.0,154.1,YES
940,30,12,141.8,242.1,41.2,89.8,65.2,77.0,28.9,22.5,34.3,37.8,64.5,NO
941,30,13,88.4,192.7,41.1,89.6,92.3,57.7,124.6,11.7,20.7,24.9,145.2,no
942,30,14,56.3,225.2,39.0,91.7,65.2,90.3,152.2,19.4,28.5,15.9,105.4,no
943,30,15,123.7,166.6,29.9,43.9,56.0,59.0,92.4,31.0,45.7,42.6,232.1,1
944,30,16,158.9,226.4,36.0,40.4,90.2,93.6,87.7,25.4,38.6,47.2,13.1,0
945,30,17,104.9,283.2,28.8,79.6,74.9,53.3,62.7,33.1,38.0,28.5,145.1,FALSE
946,30,18,129.4,193.2,34.9,56.3,86.9,48.9,82.2,41.4,34.1,36.5,110.2,NO
947,30,19,90.1,302.0,38.7,54.1,70.6,40.0,118.2,31.0,38.3,33.6,181.6,yes
948,30,20,99.3,322.0,38.7,,97.4,55.0,72.2,26.5,26.7,34.7,221.9,Y
949,30,21,109.3,236.6,34.0,77.1,72.2,60.0,25.9,34.2,31.1,27.7,161.2,Yes
950,30,22,139.9,220.6,40.9,62.0,55.2,79.0,142.7,30.0,46.3,43.0,124.3,0
951,30,23,59.9,271.6,39.4,48.8,58.2,55.9,122.2,32.5,45.2,21.5,232.3,YES
952,30,24,150.5,287.6,35.5,69.9,58.1,78.0,115.9,22.4,42.1,46.6,222.0,Yes
953,30,25,58.7,200.1,30.5,70.6,,80.0,61.7,6.9,39.7,24.9,59.7,no
954,30,26,133.7,319.8,40.9,75.2,77.5,63.2,134.9,39.6,36.9,40.4,213.4,1
955,30,27,71.5,260.0,38.3,59.6,70.1,66.3,127.3,14.3,37.0,25.1,130.1,N
956,30,28,100.6,327.4,24.1,63.2,78.7,83.4,78.9,2.0,39.2,32.1,98.9,N
957,30,29,108.7,349.2,41.7,45.6,,71.4,90.8,20.3,43.0,38.3,204.3,1
958,30,30,136.5,251.8,29.8,58.4,80.7,54.0,49.0,25.6,39.0,43.8,188.0,Yes
959,30,31,67.0,160.3,35.8,85.9,76.6,62.8,35.3,14.7,34.1,17.4,197.3,True
960,30,32,97.1,381.8,33.2,52.0,58.0,75.5,79.6,20.6,48.0,33.1,101.4,no
961,31,1,62.4,168.1,29.8,94.4,80.4,83.8,95.8,21.8,27.9,12.3,12.7,N
962,31,2,118.7,215.2,40.4,47.7,75.1,88.3,64.3,29.2,46.8,35.5,235.5,YES
963,31,3,89.7,167.8,32.4,,61.2,49.8,98.5,20.5,49.3,34.4,189.8,TRUE
964,31,4,69.7,163.8,33.9,69.8,89.0,82.4,118.3,21.7,29.1,24.0,37.0,0
965,31,5,137.1,396.0,25.4,44.4,94.9,87.8,35.1,18.5,34.6,41.8,86.7,N
966,31,6,151.6,227.8,27.5,53.5,84.8,70.4,122.9,23.0,35.7,48.3,159.9,TRUE
967,31,7,151.0,195.5,33.1,62.4,85.8,76.4,97.6,19.2,37.3,46.0,31.0,N
968,31,8,97.1,272.4,25.7,69.3,60.1,49.3,161.7,39.0,44.9,33.7,180.9,True
969,31,9,100.7,357.5,38.9,50.3,66.7,64.6,146.1,7.5,44.2,33.6,164.8,yes
970,31,10,117.6,320.7,27.8,71.1,63.7,65.4,150.8,23.2,38.4,37.0,122.0,FALSE
971,31,11,134.4,343.3,37.4,66.9,66.9,79.7,22.2,17.7,43.5,39.2,88.8,False
972,31,12,72.9,362.4,24.7,62.8,78.0,63.0,139.9,23.4,35.8,28.3,55.4,NO
973,31,13,84.7,367.4,27.2,40.7,61.9,72.5,28.4,25.5,47.5,33.6,149.3,False
974,31,14,115.9,373.4,39.4,74.6,58.3,44.8,125.1,47.9,44.3,29.9,176.9,YES
975,31,15,102.6,192.2,31.7,43.1,59.3,76.0,88.9,29.1,50.8,41.4,12.3,No
976,31,16,86.4,307.9,37.2,44.2,69.7,70.2,91.8,20.7,50.6,33.3,51.6,NO
977,31,17,107.0,371.9,33.0,59.1,66.6,45.1,87.7,20.8,37.3,30.3,93.4,No
978,31,18,82.2,398.7,30.8,68.0,94.1,77.6,120.9,21.4,29.9,30.9,101.7,N
979,31,19,66.5,180.9,41.9,83.6,79.2,74.4,49.6,40.6,34.8,15.0,40.8,FALSE
980,31,20,159.8,390.9,37.5,42.7,88.2,47.2,117.2,21.9,37.0,54.4,138.2,NO
981,31,21,77.9,247.1,34.5,46.8,63.5,77.2,142.1,27.3,50.7,28.4,222.0,True
982,31,22,93.5,260.2,26.1,68.8,96.2,57.6,117.2,22.7,32.3,30.0,246.1,TRUE
983,31,23,74.2,157.2,34.1,55.3,82.2,41.3,54.8,16.1,43.0,25.9,46.7,N
984,31,24,112.9,214.4,36.9,44.3,64.4,72.6,42.4,26.3,49.1,39.1,84.0,N
985,31,25,62.0,329.5,37.6,44.5,59.6,61.2,58.2,20.2,52.0,25.8,191.1,yes
986,31,26,87.0,384.6,28.1,86.2,73.7,57.4,125.4,25.5,32.0,25.5,83.2,NO
987,31,27,145.2,205.1,27.6,86.8,94.8,80.0,43.0,35.0,28.9,37.6,202.1,True
988,31,28,111.0,255.2,34.7,67.0,91.1,53.8,20.4,26.2,35.9,36.3,11.1,0
989,31,29,143.5,352.6,31.7,61.6,56.1,90.9,70.3,21.0,47.3,45.3,54.6,NO
990,31,30,126.8,196.8,27.8,84.8,56.2,67.6,61.1,27.9,35.3,35.2,88.8,no
991,31,31,80.7,249.5,33.9,76.5,60.9,44.5,144.3,15.5,37.9,28.9,150.4,Y
992,31,32,156.9,367.7,32.7,82.8,60.7,63.6,83.1,27.4,37.0,47.0,48.7,0
993,32,1,121.0,307.7,36.1,50.5,58.4,68.0,50.9,19.0,44.7,39.6,125.2,no
994,32,2,99.2,204.2,34.5,57.7,73.7,87.2,85.7,13.0,44.4,34.9,8.9,no
995,32,3,137.5,187.9,39.2,94.1,92.2,94.5,119.4,13.6,26.3,32.3,84.6,False
996,32,4,98.7,281.1,33.2,55.1,86.4,93.5,151.8,15.0,41.6,29.9,51.5,0
997,32,5,70.2,168.7,36.3,52.2,68.2,64.0,99.5,3.5,39.5,24.2,153.1,YES
998,32,6,61.9,376.7,41.3,61.8,68.5,45.3,97.3,21.7,37.0,18.2,41.2,FALSE
999,32,7,101.4,235.3,25.6,88.9,90.3,57.1,161.0,9.1,22.0,28.4,248.9,Y
1000,32,8,102.0,387.5,38.7,77.9,92.9,87.4,42.3,15.4,30.3,29.7,73.1,FALSE
1001,32,9,,183.9,39.2,82.2,81.0,53.9,45.0,22.1,27.3,27.6,6.7,NO
1002,32,10,121.8,222.5,37.8,64.1,63.9,58.4,159.6,9.6,45.1,35.6,199.1,yes
1003,32,11,135.3,168.5,31.6,72.4,66.3,75.1,68.2,29.7,41.1,36.7,193.6,Yes
1004,32,12,101.9,218.4,28.8,51.2,95.4,85.8,19.0,13.5,32.0,31.1,225.2,Yes
1005,32,13,57.5,339.5,28.4,44.8,76.8,93.1,38.9,13.6,42.6,24.9,13.7,False
1006,32,14,90.1,224.9,34.8,70.3,90.0,58.3,133.2,21.6,27.7,25.8,106.1,No
1007,32,15,160.1,304.3,41.9,88.7,71.6,41.0,121.2,12.3,29.9,41.7,202.0,TRUE
1008,32,16,122.2,302.3,39.8,,83.7,49.2,84.9,14.7,39.5,40.0,208.2,TRUE
1009,32,17,122.6,369.7,39.1,82.6,57.1,66.6,150.4,23.0,35.9,29.7,121.7,FALSE
1010,32,18,125.6,178.1,30.8,67.4,80.5,84.3,158.6,30.0,32.4,36.8,100.1,FALSE
1011,32,19,93.1,193.8,29.2,94.5,95.4,77.9,65.6,17.4,26.1,20.9,158.0,YES
1012,32,20,161.8,233.9,24.6,86.3,81.3,86.0,26.6,18.4,25.8,44.2,69.5,No
1013,32,21,160.8,249.6,39.9,85.2,60.7,85.0,140.7,23.1,37.0,45.7,110.0,0
1014,32,22,80.3,198.1,34.0,44.0,70.3,71.1,83.8,19.3,49.2,32.5,90.0,N
1015,32,23,86.0,217.3,35.2,84.1,77.1,77.9,110.6,14.1,26.8,25.9,156.9,TRUE
1016,32,24,154.2,197.2,41.4,70.0,80.5,76.4,135.0,14.0,37.1,47.4,109.9,No
1017,32,25,131.5,194.2,24.2,86.5,97.1,93.2,69.4,18.0,22.5,32.2,175.6,Yes
1018,32,26,79.1,213.2,39.9,88.2,80.3,88.2,25.2,23.4,25.1,20.3,247.1,yes
1019,32,27,144.9,159.1,24.3,,,76.1,56.5,12.1,34.8,39.3,176.2,TRUE
1020,32,28,147.5,239.6,27.8,41.8,68.3,88.9,139.3,15.3,46.4,47.7,87.4,FALSE
1021,32,29,134.7,207.2,37.2,56.2,55.1,46.5,73.7,9.2,47.8,39.1,63.7,N
1022,32,30,111.2,355.3,35.6,82.0,76.5,54.6,98.2,18.8,37.1,29.3,166.7,True
1023,32,31,94.9,295.0,25.0,45.2,64.8,44.2,100.3,17.1,44.8,33.7,73.9,No
1024,32,32,155.5,349.9,24.1,69.0,,70.4,110.4,11.4,32.2,46.4,93.9,no
1025,33,1,70.5,257.6,29.1,50.4,97.6,48.4,97.0,18.7,36.2,32.3,22.1,No
1026,33,2,95.7,175.8,28.1,89.7,82.2,63.0,87.2,17.9,24.7,23.8,244.0,1
1027,33,3,,329.4,34.9,50.8,68.5,91.0,108.6,14.1,40.1,33.6,54.8,No
1028,33,4,66.8,314.4,39.0,85.1,76.0,94.3,139.9,8.2,31.6,22.5,70.6,0
1029,33,5,65.1,268.6,37.2,53.6,94.0,87.6,27.4,23.2,40.1,28.3,126.8,False
1030,33,6,103.9,340.3,31.9,88.9,73.6,53.2,137.8,3.1,32.1,30.4,245.1,yes
1031,33,7,124.1,234.9,38.4,92.0,71.7,80.7,77.3,13.3,29.1,30.3,212.5,yes
1032,33,8,145.8,285.8,28.9,70.7,67.9,52.3,42.9,24.2,37.1,42.2,213.3,YES
1033,33,9,101.5,291.3,38.3,85.9,56.7,87.1,120.0,13.3,34.4,29.9,115.8,False
1034,33,10,157.1,179.0,40.2,87.7,59.0,45.4,48.9,15.9,33.3,44.7,200.2,YES
1035,33,11,66.5,379.3,41.4,50.3,80.9,46.6,91.0,13.8,37.4,30.0,75.3,N
1036,33,12,64.6,270.2,26.6,75.5,,82.7,111.7,10.4,36.8,18.4,105.7,No
1037,33,13,,385.3,35.6,52.0,67.9,50.0,78.8,13.7,43.3,43.4,107.5,N
1038,33,14,56.2,200.9,34.6,70.1,72.3,52.9,96.1,18.0,41.1,21.1,76.7,FALSE
1039,33,15,141.4,318.4,38.5,63.2,79.6,93.2,132.3,14.6,34.0,41.3,162.5,YES
1040,33,16,156.0,367.6,32.8,56.8,65.1,86.7,103.9,12.9,39.0,52.5,49.6,FALSE
1041,33,17,155.4,342.2,40.0,56.5,74.3,51.6,138.2,12.6,36.6,50.5,65.1,No
1042,33,18,69.5,375.0,24.3,81.0,55.5,46.2,30.6,29.4,36.9,20.1,39.9,FALSE
1043,33,19,99.7,263.0,25.2,87.2,89.3,90.2,107.5,9.1,27.3,32.0,153.9,TRUE
1044,33,20,106.8,198.2,34.1,80.2,58.5,93.9,138.1,11.1,36.6,26.4,31.4,FALSE
1045,33,21,152.5,232.7,41.6,52.1,68.7,64.6,68.0,8.6,47.6,50.9,205.7,YES
1046,33,22,155.3,373.1,38.3,90.1,72.0,77.7,49.9,21.2,34.1,37.3,130.2,NO
1047,33,23,92.2,290.6,37.6,87.4,55.1,91.2,114.8,5.0,34.2,26.9,35.0,no
1048,33,24,136.8,176.9,32.6,,73.7,53.1,68.4,20.1,35.4,45.5,134.2,N
1049,33,25,158.5,180.5,29.3,91.9,84.0,77.1,32.4,28.9,30.2,36.3,77.8,False
1050,33,26,73.3,186.7,32.8,57.1,55.7,63.0,34.6,0.0,48.6,28.6,170.4,TRUE
1051,33,27,157.7,199.6,30.5,66.2,80.1,90.2,125.2,10.7,40.3,47.5,143.6,NO
1052,33,28,69.6,380.3,37.4,40.6,84.7,53.4,36.8,10.7,39.5,32.3,231.6,Y
1053,33,29,103.5,188.0,41.2,86.3,89.7,58.4,88.4,22.0,24.8,32.7,103.8,0
1054,33,30,111.0,220.5,30.5,92.1,84.2,44.7,36.3,9.2,30.9,33.5,90.2,FALSE
1055,33,31,136.5,168.0,27.1,41.5,76.3,46.6,91.5,8.0,41.6,41.4,20.9,False
1056,33,32,148.1,307.8,27.2,70.4,85.6,51.1,80.0,20.8,34.1,43.6,236.7,True
1057,34,1,147.9,55.5,36.8,73.7,64.8,89.6,31.3,16.5,38.5,43.1,116.2,NO
1058,34,2,79.5,6.5,41.9,44.5,76.2,53.6,25.2,19.3,44.0,33.3,53.9,False
1059,34,3,117.5,34.3,31.6,87.8,86.9,93.6,17.3,12.4,24.2,34.9,95.3,No
1060,34,4,128.1,1.6,26.7,52.1,87.7,46.5,56.8,6.3,34.1,45.1,122.1,No
1061,34,5,91.1,35.2,24.6,75.8,94.7,76.2,30.0,14.5,28.6,27.3,149.6,No
1062,34,6,135.1,11.9,38.0,45.8,94.3,77.9,58.5,11.4,39.8,48.1,43.5,No
1063,34,7,139.1,50.9,40.0,55.4,56.4,54.4,45.6,23.8,46.1,42.9,140.8,FALSE
1064,34,8,54.5,40.5,37.2,40.1,93.0,68.6,54.0,15.1,42.6,26.1,185.2,Yes
1065,34,9,71.4,5.6,39.4,77.1,58.6,66.0,21.7,3.6,36.7,25.4,230.9,1
1066,34,10,136.0,6.4,32.4,75.0,87.3,76.2,22.3,16.5,27.2,37.6,203.3,Yes
1067,34,11,82.4,30.6,29.3,64.4,81.4,40.4,37.2,10.3,34.8,24.8,249.8,1
1068,34,12,,30.7,28.2,84.7,89.1,48.4,36.9,17.6,26.5,25.1,150.4,True
1069,34,13,132.6,25.4,37.1,76.6,64.7,90.0,43.1,21.5,40.0,41.4,152.8,1
1070,34,14,157.1,19.0,37.5,91.1,71.2,83.6,25.4,9.9,35.8,41.9,221.7,1
1071,34,15,105.7,59.0,35.2,66.6,68.6,64.7,18.6,9.0,40.6,30.0,21.8,NO
1072,34,16,141.1,8.2,27.9,51.2,89.5,42.5,57.6,11.1,37.2,43.1,171.3,Yes
1073,34,17,150.6,10.6,29.3,49.8,62.0,59.6,15.5,15.5,50.9,46.8,160.2,1
1074,34,18,131.2,42.3,36.2,58.7,73.7,43.7,28.9,21.2,41.3,44.9,74.7,N
1075,34,19,117.5,57.9,32.6,62.0,78.8,89.9,10.7,10.3,35.5,41.0,50.1,0
1076,34,20,92.8,11.3,28.8,92.7,58.7,71.1,7.4,24.2,31.7,28.4,47.6,No
1077,34,21,99.4,54.1,32.1,81.1,66.0,82.2,42.1,16.9,35.4,30.8,27.2,FALSE
1078,34,22,84.3,16.9,30.2,86.8,83.3,93.3,21.8,8.8,27.0,21.3,107.9,No
1079,34,23,82.3,39.3,30.8,80.7,73.8,86.7,42.4,9.4,29.0,22.8,30.9,False
1080,34,24,146.5,40.6,29.9,76.8,92.7,59.4,49.2,23.9,29.6,40.0,132.3,no
1081,34,25,63.1,54.0,39.4,67.4,63.3,42.8,42.0,18.1,37.2,20.0,109.5,False
1082,34,26,135.9,2.9,34.0,62.8,96.2,53.5,42.5,9.0,35.6,37.5,219.2,True
1083,34,27,83.7,26.7,27.1,59.0,69.3,66.1,23.5,14.5,41.1,24.4,8.0,0
1084,34,28,129.2,36.4,30.4,65.6,78.8,51.6,54.2,5.2,37.0,38.6,18.6,No
1085,34,29,147.0,22.1,37.1,82.6,64.6,74.8,13.6,30.3,36.8,42.6,58.1,NO
1086,34,30,75.4,51.8,36.4,62.4,82.1,91.5,60.6,19.7,35.1,26.2,218.4,1
1087,34,31,77.8,27.0,25.2,58.2,88.1,88.5,19.8,12.5,36.2,23.0,160.9,TRUE
1088,34,32,79.8,34.6,36.8,69.5,61.8,42.3,27.2,25.6,37.7,29.7,150.6,YES
1089,35,1,158.5,36.5,13.3,62.1,62.4,74.2,25.3,15.9,39.6,47.8,128.6,no
1090,35,2,99.8,27.9,13.7,88.7,87.6,58.0,9.4,10.3,29.7,30.9,182.5,TRUE
1091,35,3,245.7,47.4,13.8,63.0,71.9,81.8,36.2,19.2,42.7,66.5,70.4,no
1092,35,4,116.4,56.9,16.7,43.7,89.2,70.1,21.9,18.3,44.3,40.0,193.4,Yes
1093,35,5,190.9,32.8,15.6,76.3,94.3,49.9,19.0,28.3,29.6,56.1,166.7,yes
1094,35,6,151.1,2.0,15.4,68.3,73.6,75.9,13.4,8.9,35.3,45.2,206.9,1
1095,35,7,115.1,24.5,17.0,75.2,91.2,68.9,46.3,13.0,26.8,38.6,124.8,0
1096,35,8,89.3,2.4,18.6,57.2,66.7,86.9,49.5,17.8,38.0,35.4,227.1,True
1097,35,9,228.0,42.6,16.0,85.8,72.8,76.2,22.3,27.7,28.3,62.6,70.9,NO
1098,35,10,210.6,19.5,11.9,86.3,,59.0,18.2,17.9,33.4,56.8,201.9,1
1099,35,11,123.0,18.3,16.4,80.1,86.8,57.9,55.3,19.0,26.2,36.8,185.7,TRUE
1100,35,12,204.4,24.5,16.2,71.3,55.6,71.2,29.2,26.7,44.0,53.7,42.2,No
1101,35,13,245.1,15.9,15.4,69.4,94.0,55.0,35.9,19.7,33.2,65.3,191.2,1
1102,35,14,97.5,19.7,14.6,68.5,70.0,71.2,20.5,17.5,36.6,31.0,53.9,FALSE
1103,35,15,173.6,27.4,14.5,62.8,64.3,75.9,50.3,10.9,39.4,52.5,7.2,NO
1104,35,16,105.3,16.9,16.4,,63.1,81.8,48.5,32.3,41.8,34.0,174.4,Yes
1105,35,17,235.5,5.7,10.2,65.2,67.2,87.6,39.9,19.6,44.6,67.9,249.6,yes
1106,35,18,213.9,39.9,12.4,81.3,,92.0,55.6,6.9,38.3,56.4,82.1,FALSE
1107,35,19,142.2,12.2,13.5,90.2,72.1,94.7,49.2,2.4,28.7,34.7,117.2,NO
1108,35,20,174.3,15.4,17.9,70.8,70.8,52.6,34.0,22.3,38.4,49.0,190.1,TRUE
1109,35,21,244.1,29.5,19.5,,76.4,90.0,54.7,16.0,38.2,70.0,9.9,N
1110,35,22,225.7,29.3,8.5,47.8,94.4,61.5,20.4,13.1,36.5,65.7,22.7,N
1111,35,23,135.9,45.7,20.1,65.4,62.1,65.0,21.0,19.2,36.8,45.6,19.7,N
1112,35,24,104.6,28.7,13.7,41.7,87.2,94.5,10.9,17.3,42.5,38.2,226.9,Yes
1113,35,25,180.0,42.6,17.1,74.7,89.2,85.5,14.5,23.9,31.9,50.3,127.4,NO
1114,35,26,86.3,38.4,10.9,43.8,89.4,50.3,53.6,20.9,43.2,28.7,32.6,False
1115,35,27,124.9,26.9,17.6,76.4,58.1,40.3,58.1,13.5,41.9,33.1,219.6,Y
1116,35,28,238.6,34.9,20.4,47.0,91.3,52.5,49.5,18.1,39.8,65.2,21.8,N
1117,35,29,130.2,37.2,9.9,44.0,,78.6,49.6,11.5,52.7,44.7,46.2,NO
1118,35,30,182.4,6.0,19.6,65.4,91.2,84.9,23.0,5.4,30.2,53.1,199.7,1
1119,35,31,,33.5,8.2,88.9,66.6,80.9,17.6,19.7,35.0,43.1,114.7,FALSE
1120,35,32,115.6,17.5,8.1,70.6,94.3,44.2,61.2,20.8,28.6,29.8,246.8,Yes
1121,36,1,116.0,51.5,20.7,44.2,93.7,94.9,38.6,27.9,37.7,45.1,164.2,1
1122,36,2,228.4,42.7,13.1,74.7,58.5,80.9,24.5,22.1,43.5,60.6,69.8,False
1123,36,3,100.1,6.8,20.2,69.8,94.5,92.5,21.3,27.6,30.2,32.9,153.2,True
1124,36,4,134.8,8.5,13.8,50.8,59.6,60.8,10.3,21.6,43.1,45.5,25.7,No
1125,36,5,119.5,56.3,12.9,90.7,64.7,64.9,42.7,13.7,29.7,26.9,130.9,NO
1126,36,6,121.8,57.0,11.1,49.3,61.3,76.6,30.5,15.4,42.5,43.6,103.2,NO
1127,36,7,166.4,15.1,10.6,44.1,55.4,74.7,16.2,14.1,45.2,49.7,171.3,TRUE
1128,36,8,204.3,13.1,9.8,91.2,78.0,46.4,29.0,13.4,27.8,49.5,96.2,FALSE
1129,36,9,235.4,43.2,15.3,94.1,,71.2,34.2,6.5,26.6,63.4,7.5,N
1130,36,10,159.5,3.8,10.9,77.6,87.9,59.5,60.5,11.7,30.8,48.0,161.1,1
1131,36,11,201.9,55.4,20.7,90.0,91.7,89.8,37.6,8.9,24.5,51.1,15.9,No
1132,36,12,209.2,45.2,17.5,45.4,87.8,87.6,56.3,14.9,37.7,67.8,49.3,no
1133,36,13,197.3,30.5,12.0,79.4,68.5,89.0,59.1,32.0,32.6,58.2,86.1,False
1134,36,14,173.2,51.9,15.3,56.2,66.8,67.4,43.9,15.7,38.1,54.5,94.6,False
1135,36,15,251.7,12.6,19.5,60.9,73.5,80.3,48.0,16.3,36.9,74.1,176.8,True
1136,36,16,241.1,34.5,12.4,87.5,55.6,67.9,43.6,8.9,37.6,63.2,165.9,1
1137,36,17,174.3,23.2,13.8,43.2,72.8,49.2,43.7,5.5,41.7,52.7,30.4,no
1138,36,18,149.8,50.6,20.7,81.6,90.2,94.6,44.8,17.9,25.9,40.0,75.5,False
1139,36,19,125.2,35.5,8.3,55.2,70.8,73.7,12.5,25.0,46.7,37.5,178.9,Y
1140,36,20,220.8,44.2,11.1,46.3,95.1,50.1,7.0,12.1,41.9,69.5,30.7,FALSE
1141,36,21,249.6,13.2,15.5,,76.6,69.6,55.3,14.6,30.9,70.4,223.2,yes
1142,36,22,110.3,3.3,21.3,53.0,88.9,88.5,43.4,16.2,32.6,35.9,73.3,False
1143,36,23,98.0,4.3,16.6,73.6,84.4,94.4,7.3,23.1,33.3,27.9,215.4,Y
1144,36,24,98.5,56.5,18.4,52.6,66.0,40.4,58.4,14.4,42.0,38.0,101.2,False
1145,36,25,163.5,10.8,19.8,51.6,76.3,88.0,47.0,17.6,41.9,49.7,223.2,Yes
1146,36,26,139.6,22.8,17.1,54.0,79.1,72.9,35.7,20.5,42.6,44.2,116.7,False
1147,36,27,240.1,14.0,9.0,51.8,,54.2,21.0,13.2,39.2,66.0,171.8,yes
1148,36,28,105.7,6.0,13.5,93.6,60.5,49.4,35.8,25.9,29.3,24.9,211.6,TRUE
1149,36,29,181.5,0.9,19.1,44.9,82.9,68.5,43.2,24.3,41.3,57.9,200.3,YES
1150,36,30,198.9,11.1,20.4,82.7,62.1,41.4,8.0,19.2,37.9,48.9,152.2,Yes
1151,36,31,188.7,5.7,11.3,78.9,70.3,56.8,41.3,12.0,33.7,48.3,187.1,True
1152,36,32,85.6,28.4,21.0,76.9,76.9,52.0,38.2,9.5,37.6,29.8,182.3,True
175,6,15,146.3,231.6,33.3,88.6,78.5,68.8,71.4,38.3,34.6,36.9,94.6,NO
755,24,19,247.3,53.9,19.8,63.6,58.0,77.3,47.8,23.9,44.5,70.6,30.8,False
585,19,9,54.4,155.8,41.7,,63.1,91.9,47.8,17.8,42.3,17.4,100.5,N
241,8,17,96.7,273.5,26.6,,59.4,80.5,46.0,12.2,54.0,34.2,163.2,Y
716,23,12,203.8,6.6,17.1,69.1,67.4,82.0,51.1,16.7,38.7,61.2,111.6,No
219,7,27,158.5,399.9,35.4,42.0,66.6,54.7,130.1,34.7,44.9,48.0,83.2,False
630,20,22,119.6,157.6,38.3,44.1,95.5,53.3,37.6,15.1,38.3,43.7,218.9,yes
555,18,11,88.3,317.2,28.4,78.0,86.7,45.3,121.6,7.0,35.1,27.9,203.6,1
352,11,32,210.3,25.4,17.6,76.7,80.8,73.6,7.1,27.6,29.4,57.1,167.4,TRUE
329,11,9,138.6,1.0,15.9,84.7,74.3,83.6,38.0,25.1,27.6,40.0,66.3,0
695,22,23,106.9,41.5,41.8,86.5,57.9,91.4,37.5,25.3,38.7,33.3,75.7,No
797,25,29,222.3,58.6,10.3,54.6,89.4,82.8,45.3,22.8,33.5,62.1,248.6,TRUE
925,29,29,83.9,4.3,30.8,44.6,96.2,78.0,40.1,43.4,37.3,28.2,164.2,1
266,9,10,92.5,320.8,40.9,90.7,78.5,56.2,97.7,9.6,31.2,24.1,158.2,TRUE
658,21,18,56.3,383.2,33.3,52.8,87.5,45.1,104.7,8.1,38.9,20.8,38.6,0
448,14,32,161.3,48.8,20.7,42.7,91.8,71.1,23.2,19.6,37.0,51.8,228.4,Y
702,22,30,78.5,14.1,31.7,71.8,74.9,61.5,16.3,26.1,34.9,25.4,221.3,True
